time,ax (m/s^2),ay (m/s^2),az (m/s^2),aT (m/s^2)
0.001622,-0.1322,0.0107,0.1887,0.231
0.001993,-0.0901,-0.0119,0.1262,0.156
0.004779,0.0333,0.0820,0.0482,0.101
0.011752,0.0570,0.0520,-0.0360,0.085
0.014257,0.0838,0.0560,-0.2093,0.232
0.019031,0.1345,0.0372,-0.4048,0.428
0.023704,0.1093,-0.0088,-0.5917,0.602
0.028781,0.1084,-0.0504,-0.7915,0.800
0.033496,0.1531,-0.0256,-1.0303,1.042
0.037917,0.0476,-0.0296,-1.3263,1.327
0.042751,-0.3431,-0.0551,-1.6949,1.730
0.047470,-0.1481,0.1630,-1.4458,1.462
0.052297,0.1461,0.4156,-1.2063,1.284
0.057112,0.3569,0.6024,-1.0885,1.294
0.061652,0.5553,0.8113,-0.8544,1.303
0.066480,0.6449,0.9616,-0.8153,1.416
0.071746,0.7174,1.0798,-0.8605,1.556
0.076032,0.7268,1.0518,-1.1379,1.711
0.080786,0.7581,0.9862,-1.3308,1.822
0.085487,0.6918,0.8352,-1.3037,1.696
0.091591,0.5277,0.6989,-1.1596,1.453
0.095106,0.3870,0.6200,-0.9778,1.221
0.099769,0.2994,0.6341,-0.7113,0.999
0.104427,0.1795,0.5887,-0.7611,0.979
0.109321,0.0199,0.5157,-1.0520,1.172
0.114047,-0.1449,0.4208,-1.3803,1.450
0.119053,0.0818,0.1752,-0.9590,0.978
0.123461,0.2804,0.1890,0.0657,0.344
0.128417,0.2869,0.4415,0.7453,0.913
0.133195,0.0583,0.5240,0.2900,0.602
0.137759,-0.0076,0.4245,0.0708,0.430
0.142611,0.1169,0.2502,0.4407,0.520
0.152322,0.1267,0.0985,0.5728,0.595
0.153751,0.2259,-0.0044,0.5089,0.557
0.156565,0.4640,-0.0539,0.3733,0.598
0.161411,0.6796,-0.1524,-0.0255,0.697
0.166136,0.6977,-0.1755,0.2451,0.760
0.171493,0.5402,-0.2662,0.0757,0.607
0.175545,0.3464,-0.3951,-0.0434,0.527
0.180619,0.1741,-0.4477,-0.1956,0.519
0.185406,-0.0689,-0.4984,-0.4925,0.704
0.191265,-0.2080,-0.5859,-0.6565,0.904
0.194673,-0.4871,-0.6343,-0.9849,1.269
0.199678,-0.5864,-0.4440,-1.0414,1.275
0.203991,-0.4873,0.1101,-0.9027,1.032
0.208895,-0.7944,0.7278,-0.8837,1.393
0.213862,-1.4688,1.5157,-0.8215,2.265
0.218251,-2.0315,1.8722,-1.8045,3.300
0.223320,-2.1285,1.7318,-2.1670,3.497
0.227897,-1.9877,1.3471,-2.4563,3.435
0.232855,-2.0877,0.8049,-2.8437,3.618
0.237163,-1.8409,0.4258,-3.5447,4.017
0.242248,-1.5049,0.0666,-3.8515,4.136
0.251013,-0.5746,-0.2686,-4.0508,4.100
0.251483,0.3255,-0.2766,-4.4021,4.423
0.256142,0.9597,-0.3388,-4.4542,4.569
0.260845,1.1413,-0.4653,-4.6737,4.833
0.266196,0.8708,-0.9100,-5.1339,5.286
0.272338,0.7229,-0.9455,-5.7577,5.879
0.275400,0.4884,-0.9520,-6.3573,6.447
0.279840,0.0589,-0.8607,-6.8781,6.932
0.284624,-0.5159,-0.6436,-7.1582,7.206
0.289423,-0.8015,-0.4021,-7.2500,7.305
0.294296,-1.2254,-0.4354,-7.2605,7.376
0.298781,-1.7170,-0.7982,-7.2556,7.499
0.303612,-1.8125,-1.1660,-7.0002,7.324
0.308190,-1.9650,-1.5764,-6.6983,7.156
0.313397,-2.2260,-2.2719,-6.4040,7.150
0.317825,-2.5508,-2.7622,-6.0854,7.153
0.322563,-2.8667,-2.6765,-5.7043,6.923
0.327374,-2.3336,-2.3821,-5.4592,6.397
0.332169,-1.1667,-2.1446,-3.9918,4.679
0.336735,-0.2598,-1.2651,-1.5807,2.041
0.341446,-0.0027,0.1126,-0.1047,0.154
0.346452,-0.2942,1.0748,1.0649,1.541
0.352076,-0.4945,1.3001,1.7622,2.245
0.357043,-0.3921,1.0057,2.0313,2.300
0.364189,-0.5260,0.4388,1.9627,2.079
0.365253,-0.9994,-0.0534,1.6708,1.948
0.371543,-1.2022,-0.2535,1.5629,1.988
0.374966,-1.2758,-0.3020,1.7200,2.163
0.379606,-1.2792,-0.2797,1.8437,2.261
0.384071,-1.0885,-0.1265,1.8334,2.136
0.388946,-0.5882,0.1872,1.5585,1.676
0.395866,0.0040,0.3708,1.0857,1.147
0.398800,0.8456,0.5744,0.5339,1.153
0.403227,1.6109,0.5538,-0.0644,1.705
0.407867,2.0031,0.1800,-0.7393,2.143
0.412833,2.1292,-0.2990,-1.4615,2.600
0.417460,1.7963,-1.0537,-2.0639,2.932
0.422181,1.1866,-1.8443,-2.6687,3.454
0.426992,0.5127,-2.5678,-3.1284,4.080
0.432244,0.0634,-3.0571,-3.4503,4.610
0.436517,-0.3360,-3.2818,-3.7206,4.973
0.442268,-0.7043,-3.2522,-3.9316,5.151
0.446112,-1.0045,-3.0069,-4.0246,5.123
0.451311,-1.2210,-2.6853,-4.0578,5.017
0.455193,-1.3283,-2.3788,-4.0890,4.914
0.460021,-1.3639,-2.1578,-4.1181,4.845
0.465072,-0.7413,-1.5604,-5.0661,5.353
0.471332,-0.2233,-1.3116,-4.8547,5.034
0.474790,1.0144,-1.5579,-3.8097,4.239
0.479177,2.0640,-1.6145,-3.1668,4.110
0.483749,2.4689,-1.8093,-2.9259,4.234
0.488494,2.4059,-2.3109,-2.8207,4.369
0.493256,2.4714,-3.4101,-2.4919,4.893
0.497945,3.1556,-5.0046,-2.2684,6.336
0.502785,2.9696,-5.0658,-2.6358,6.437
0.507427,2.6986,-4.9465,-3.2399,6.500
0.512276,2.0830,-4.8056,-3.3758,6.231
0.517086,1.1800,-4.4803,-3.3199,5.700
0.521786,0.5667,-4.3215,-3.1063,5.352
0.526589,0.0417,-4.2685,-2.7325,5.068
0.531873,-0.5386,-4.1408,-2.2831,4.759
0.536250,-0.9078,-3.9684,-2.1298,4.594
0.541140,-0.9444,-3.8658,-2.2457,4.569
0.550781,-0.6985,-3.8873,-2.5027,4.676
0.552461,-0.3085,-3.9578,-2.7701,4.841
0.555459,0.0756,-4.1409,-3.0297,5.131
0.560127,0.4110,-4.3373,-3.0992,5.347
0.566894,0.6570,-4.5227,-3.0056,5.470
0.569426,0.7650,-4.6825,-2.6833,5.451
0.574030,0.7777,-4.7783,-2.3108,5.364
0.578720,0.7760,-4.9388,-1.8938,5.346
0.583417,0.7739,-5.1202,-1.5598,5.408
0.588402,0.7521,-5.3052,-1.2493,5.502
0.593130,0.6290,-5.5147,-0.9751,5.635
0.598011,0.4760,-5.6624,-0.7548,5.732
0.603227,0.1853,-5.7718,-0.5090,5.797
0.607747,-0.1959,-5.8692,-0.1925,5.876
0.612488,-0.6274,-6.1942,0.5370,6.249
0.617387,-1.1978,-6.5516,1.3956,6.805
0.621542,-2.1880,-6.5784,1.7931,7.161
0.626601,-3.1458,-6.5909,1.8029,7.522
0.632263,-3.8589,-6.5338,1.7249,7.782
0.635901,-4.6154,-6.3287,2.0995,8.109
0.640631,-5.5709,-6.0388,2.7431,8.662
0.653094,-6.5866,-5.7701,3.2835,9.352
0.654394,-7.3635,-5.4514,3.6397,9.858
0.655338,-7.9659,-5.1736,3.9296,10.279
0.659573,-8.4292,-4.8573,4.0819,10.550
0.667539,-8.6790,-4.5181,4.1100,10.613
0.668888,-8.6766,-4.1519,4.0608,10.441
0.673701,-8.4433,-3.7971,3.9567,10.068
0.679506,-8.0507,-3.4365,3.8060,9.545
0.683017,-7.5608,-3.0888,3.6379,8.941
0.687520,-7.0212,-2.8010,3.3177,8.255
0.692579,-6.4175,-2.5787,2.9737,7.528
0.699038,-5.8815,-2.3774,2.7169,6.901
0.702066,-5.3891,-2.1482,2.5530,6.338
0.707143,-4.9572,-1.9978,2.4037,5.860
0.712027,-4.6382,-1.8447,2.3028,5.497
0.716072,-4.4511,-1.7173,2.2437,5.272
0.721046,-4.4483,-1.5989,2.2272,5.225
0.725545,-4.7178,-1.5660,2.2130,5.441
0.735646,-5.1755,-1.6305,2.2868,5.888
0.736710,-5.6205,-1.7279,2.4235,6.360
0.740254,-6.1001,-1.6938,2.6432,6.861
0.751011,-6.5232,-1.5961,2.9081,7.318
0.752461,-6.8821,-1.4309,3.2000,7.723
0.754793,-7.1190,-1.1751,3.4913,8.016
0.759983,-7.2622,-0.9128,3.7405,8.220
0.763875,-7.3138,-0.5939,3.9640,8.340
0.768570,-7.2740,-0.2735,4.1115,8.360
0.773335,-7.0780,0.0992,4.2256,8.244
0.779229,-6.7930,0.4120,4.2989,8.050
0.784052,-6.4311,0.6752,4.2935,7.762
0.787620,-5.9879,0.8869,4.2313,7.386
0.792599,-5.5116,1.0340,4.0633,6.925
0.797321,-5.1295,1.2032,3.9006,6.555
0.801970,-4.8084,1.4284,3.7589,6.268
0.806525,-4.5985,1.7122,3.6493,6.115
0.812954,-4.4834,1.9278,3.5349,6.026
0.816159,-4.4940,2.1687,3.4432,6.063
0.820795,-4.5992,2.3940,3.4275,6.215
0.825931,-4.8205,2.6180,3.4570,6.484
0.832609,-5.2006,2.7593,3.5862,6.894
0.835186,-5.8489,2.8251,3.7859,7.518
0.839864,-6.6312,2.7965,4.0741,8.270
0.849586,-7.3227,2.7647,4.5327,9.045
0.851126,-7.9015,2.8422,5.0972,9.823
0.854273,-8.3296,3.0505,5.6814,10.534
0.858598,-8.5449,3.4382,6.2519,11.132
0.869238,-8.6168,3.9695,6.7202,11.626
0.870483,-8.4639,4.6398,7.0650,11.962
0.873116,-8.2083,5.3058,7.3230,12.213
0.877367,-7.9123,5.9392,7.3320,12.314
0.882785,-7.7008,6.5379,7.1008,12.348
0.887224,-7.5621,7.0873,6.6600,12.320
0.891862,-7.4913,7.5632,6.1077,12.273
0.896329,-7.5147,7.9195,5.4150,12.187
0.901101,-7.6343,8.1723,4.6583,12.115
0.905736,-7.9258,8.3995,3.9687,12.211
0.911860,-8.3333,8.5379,3.2757,12.372
0.915372,-8.6720,8.6393,2.6763,12.530
0.920319,-8.9436,8.7316,2.1710,12.686
0.925013,-9.1452,8.9147,1.8078,12.899
0.931237,-9.2175,9.0670,1.5793,13.026
0.934619,-9.2707,9.1795,1.4589,13.128
0.939372,-9.2649,9.2722,1.4125,13.184
0.944153,-9.2843,9.3579,1.4484,13.261
0.953003,-9.3238,9.5226,1.5608,13.418
0.954049,-9.4597,9.7570,1.7335,13.700
0.958461,-9.7413,9.9842,1.8742,14.074
0.963560,-10.2755,10.1848,1.9440,14.598
0.967514,-10.9725,10.2604,1.9447,15.148
0.972473,-11.6570,10.2558,1.8646,15.638
0.977368,-12.2896,10.1868,1.7092,16.054
0.981907,-12.9123,10.1648,1.4482,16.497
0.986539,-13.4854,10.1929,1.1475,16.943
0.992181,-14.0007,10.2436,0.8843,17.370
0.995986,-14.3185,10.3107,0.6457,17.656
1.000985,-14.4048,10.2619,0.4184,17.691
1.005643,-14.2145,10.0729,0.2442,17.423
1.012543,-13.7058,9.6823,0.1765,16.782
1.015228,-12.8733,9.1245,0.2488,15.781
1.019869,-11.8694,8.5754,0.4490,14.650
1.024505,-10.8871,8.0648,0.7147,13.568
1.029369,-10.0017,7.6078,1.0625,12.611
1.034322,-9.1733,7.1216,1.5468,11.716
1.038991,-8.4293,6.6549,2.1288,10.949
1.043834,-7.7558,6.0816,2.7930,10.244
1.048283,-7.2989,5.5337,3.4575,9.790
1.053233,-6.9894,4.9756,4.0642,9.494
1.057899,-6.7514,4.4655,4.6488,9.334
1.070319,-6.5231,4.0062,5.2320,9.272
1.071268,-6.3817,3.6199,5.7489,9.321
1.072357,-6.2844,3.3072,6.1818,9.415
1.076869,-6.2841,3.0278,6.5276,9.553
1.090384,-6.2928,2.7205,6.7907,9.650
1.091771,-6.2630,2.4050,6.9492,9.659
1.092878,-6.2283,2.1412,6.9668,9.587
1.098074,-6.3581,1.9431,6.8226,9.526
1.100847,-6.6395,1.7714,6.5150,9.469
1.105197,-7.1027,1.6175,6.1507,9.534
1.111143,-7.5913,1.3652,5.6857,9.582
1.115179,-8.0567,0.9966,5.2860,9.687
1.120176,-8.4819,0.5417,4.9354,9.828
1.124815,-8.7949,0.0236,4.5847,9.918
1.130218,-8.9795,-0.5792,4.2322,9.944
1.133996,-9.1006,-1.1901,3.8883,9.968
1.138458,-9.1181,-1.8231,3.5415,9.950
1.143139,-8.9945,-2.3728,3.2472,9.853
1.148499,-8.8187,-2.8292,2.9792,9.729
1.152977,-8.5986,-3.1920,2.7210,9.567
1.158134,-8.3728,-3.4941,2.4540,9.399
1.169174,-8.1227,-3.8232,2.2146,9.247
1.170476,-7.9133,-4.1382,2.0317,9.158
1.171671,-7.7853,-4.3980,1.9627,9.154
1.176513,-7.7387,-4.5811,1.9163,9.195
1.186607,-7.7378,-4.7329,1.9276,9.273
1.187975,-7.8064,-4.8936,1.9212,9.412
1.192147,-7.8948,-5.1363,1.9835,9.625
1.195829,-7.9503,-5.4650,2.0882,9.871
1.199855,-7.9680,-5.7963,2.1688,10.089
1.204577,-7.9214,-6.1142,2.2809,10.263
1.210048,-7.8654,-6.3479,2.3451,10.376
1.221626,-7.7522,-6.5239,2.4206,10.417
1.222984,-7.5150,-6.6782,2.4735,10.353
1.224049,-7.2305,-6.8777,2.5563,10.301
1.235626,-6.9038,-7.1052,2.6571,10.257
1.236806,-6.6043,-7.2792,2.7650,10.210
1.237877,-6.3416,-7.4738,2.8356,10.204
1.242632,-6.0753,-7.5910,2.8915,10.144
1.247186,-5.8007,-7.7717,2.9429,10.134
1.252182,-5.5130,-7.9942,2.9739,10.156
1.256901,-5.1957,-8.3109,3.0206,10.256
1.261519,-4.8632,-8.6257,3.0598,10.364
1.267957,-4.4845,-8.8860,3.1087,10.428
1.272721,-4.1434,-9.0655,3.1775,10.462
1.275863,-3.8350,-9.1811,3.2140,10.456
1.283121,-3.5737,-9.2856,3.2309,10.461
1.285161,-3.3691,-9.3862,3.2072,10.476
1.291002,-3.1135,-9.5163,3.1699,10.502
1.301979,-2.8453,-9.6709,3.1260,10.554
1.302838,-2.5646,-9.8548,3.0660,10.635
1.304010,-2.3192,-10.0583,3.0040,10.750
1.308933,-2.0470,-10.2474,2.9132,10.848
1.313824,-1.7622,-10.5362,2.8433,11.054
1.318351,-1.4838,-10.8043,2.7675,11.251
1.323152,-1.2068,-11.0508,2.7115,11.442
1.327730,-0.9572,-11.2062,2.6360,11.552
1.332837,-0.7303,-11.2013,2.5286,11.506
1.337566,-0.5688,-11.1917,2.4175,11.464
1.342070,-0.4728,-11.1108,2.2477,11.346
1.347749,-0.3704,-11.0739,2.0096,11.261
1.352178,-0.2834,-11.0480,1.6674,11.177
1.356517,-0.1402,-11.0762,1.2931,11.152
1.363767,0.1238,-11.1368,0.8516,11.170
1.366684,0.5205,-11.2294,0.4445,11.250
1.371373,1.0068,-11.3103,0.0896,11.355
1.375323,1.6263,-11.4236,-0.2334,11.541
1.380075,2.2767,-11.4680,-0.4642,11.701
1.384831,2.9202,-11.5095,-0.6500,11.892
1.390673,3.4740,-11.4395,-0.7517,11.979
1.394545,3.8430,-11.3703,-0.7758,12.027
1.399203,4.0781,-11.2348,-0.7534,11.976
1.403757,4.1650,-11.0812,-0.7034,11.859
1.408526,4.1734,-10.8959,-0.6739,11.687
1.413400,4.1461,-10.7535,-0.6631,11.544
1.418073,4.0591,-10.6712,-0.7223,11.440
1.423008,4.0294,-10.6735,-0.8739,11.442
1.427416,4.0687,-10.7989,-1.1429,11.596
1.432731,4.1698,-10.9349,-1.4775,11.796
1.437314,4.3354,-11.0719,-1.8831,12.039
1.442088,4.7019,-11.2095,-2.3012,12.372
1.447763,5.2986,-11.3277,-2.7298,12.800
1.452046,5.9657,-11.4522,-3.1477,13.291
1.456008,6.7258,-11.5295,-3.5506,13.812
1.460739,7.4935,-11.5063,-3.9774,14.296
1.465903,8.2125,-11.4514,-4.3831,14.758
1.471618,8.8527,-11.3473,-4.6936,15.138
1.474778,9.3626,-11.2269,-4.9402,15.431
1.480303,9.6665,-11.0921,-5.0414,15.553
1.484344,9.7029,-10.9457,-5.0668,15.480
1.489385,9.4838,-10.8024,-4.8949,15.185
1.493961,9.1167,-10.7157,-4.6031,14.803
1.498619,8.6227,-10.6365,-4.2424,14.335
1.503284,8.0682,-10.6015,-3.8351,13.863
1.508526,7.5196,-10.5469,-3.4512,13.405
1.513049,7.0722,-10.5186,-3.1217,13.054
1.517681,6.6039,-10.4927,-2.7815,12.706
1.522412,6.1644,-10.4290,-2.4664,12.363
1.526969,5.7411,-10.4236,-2.1995,12.102
1.531993,5.3238,-10.4341,-1.9824,11.880
1.536816,5.0028,-10.4895,-1.8523,11.768
1.541213,4.7682,-10.6423,-1.7006,11.785
1.547691,4.6463,-10.8992,-1.5981,11.955
1.552432,4.6493,-11.1899,-1.5278,12.213
1.556372,4.6939,-11.5544,-1.5037,12.562
1.560416,4.6442,-11.8820,-1.5992,12.857
1.565429,4.5052,-12.1937,-1.6944,13.109
1.571098,4.3632,-12.5345,-1.7409,13.386
1.574425,4.2639,-12.9108,-1.7793,13.713
1.579440,4.1404,-13.2003,-1.8073,13.952
1.584210,3.9398,-13.3530,-1.8447,14.044
1.588763,3.6857,-13.2904,-1.8202,13.912
1.593667,3.4301,-13.1327,-1.7391,13.684
1.598270,3.0958,-12.8378,-1.6088,13.303
1.603001,2.8304,-12.5759,-1.4177,12.968
1.607633,2.6645,-12.3114,-1.2015,12.654
1.613518,2.5187,-12.1305,-0.9931,12.429
1.618365,2.3834,-12.3384,-1.4383,12.648
1.621855,2.2010,-12.2010,-1.1110,12.448
1.626688,2.0836,-12.0820,-0.6653,12.278
1.632058,1.9138,-12.0170,-0.4161,12.176
1.636127,1.6076,-11.9607,-0.2035,12.070
1.641353,1.1888,-11.9441,0.0791,12.003
1.645834,0.7169,-11.9293,0.2823,11.954
1.653481,0.2011,-11.8665,0.5215,11.880
1.657935,-0.3278,-11.7392,0.8111,11.772
1.660020,-0.8390,-11.6269,1.1080,11.710
1.665422,-1.3544,-11.5009,1.3503,11.659
1.669430,-1.8695,-11.4356,1.4766,11.681
1.674187,-2.4155,-11.3618,1.4853,11.710
1.678904,-2.9115,-11.1580,1.4611,11.624
1.683634,-3.3937,-10.7723,1.4259,11.384
1.688619,-3.8744,-10.3417,1.2988,11.120
1.693179,-4.4041,-9.8431,1.0777,10.837
1.697825,-5.0022,-9.3900,0.8150,10.670
1.702755,-5.5565,-9.0119,0.5055,10.599
1.707285,-6.0338,-8.6524,0.1891,10.550
1.713860,-6.4223,-8.3957,-0.1136,10.571
1.718099,-6.6862,-8.3441,-0.4820,10.703
1.721696,-6.8351,-8.2677,-0.7789,10.755
1.726251,-6.8140,-8.0967,-1.0278,10.632
1.731500,-6.6827,-7.8666,-1.2070,10.392
1.735913,-6.4842,-7.5010,-1.1730,9.984
1.740863,-6.2041,-7.1431,-1.2519,9.544
1.745265,-6.0167,-6.8955,-1.3911,9.257
1.754841,-5.9340,-6.6888,-1.4972,9.066
1.755457,-5.9126,-6.5135,-1.5178,8.927
1.759549,-5.9667,-6.3007,-1.4416,8.797
1.764184,-6.0076,-6.0250,-1.3046,8.608
1.769008,-6.0253,-5.7395,-1.1623,8.402
1.773875,-5.9744,-5.4137,-0.9623,8.120
1.778517,-5.9265,-5.1479,-0.7209,7.883
1.783119,-5.8528,-4.9179,-0.3827,7.654
1.787913,-5.8514,-4.7093,0.0170,7.511
1.792760,-5.8719,-4.5482,0.4981,7.444
1.797389,-5.9169,-4.4131,0.9729,7.445
1.802594,-5.9934,-4.2491,1.4518,7.489
1.807049,-6.1205,-4.0420,1.9089,7.579
1.812153,-6.2169,-3.8111,2.3492,7.661
1.816836,-6.2920,-3.5781,2.7757,7.752
1.822115,-6.3818,-3.3623,3.2174,7.898
1.826399,-6.5386,-3.0587,3.6292,8.080
1.832185,-6.7217,-2.7393,4.0759,8.324
1.835703,-6.9141,-2.3779,4.5073,8.589
1.840871,-7.1088,-2.0389,4.9354,8.891
1.845022,-7.2841,-1.7031,5.3768,9.212
1.853219,-7.4304,-1.3894,5.8020,9.529
1.854535,-7.5713,-1.0141,6.1720,9.821
1.859647,-7.7137,-0.6683,6.4386,10.070
1.874840,-7.9243,-0.3186,6.6112,10.325
1.876177,-8.1907,-0.0180,6.6850,10.573
1.876866,-8.4598,0.3025,6.7219,10.809
1.878307,-8.7070,0.6113,6.6570,10.977
1.887296,-8.8581,0.9010,6.5598,11.059
1.888014,-8.9248,1.2005,6.4396,11.071
1.892309,-8.9286,1.5243,6.3032,11.035
1.897152,-8.8549,1.7961,6.1406,10.924
1.901621,-8.7206,2.0045,5.9036,10.720
1.906309,-8.5402,2.1738,5.6213,10.453
1.911636,-8.3834,2.3497,5.3276,10.207
1.916441,-8.3099,2.4801,5.0730,10.047
1.920887,-8.2838,2.6057,4.8720,9.957
1.925607,-8.2884,2.7765,4.7007,9.925
1.939203,-8.2685,3.0143,4.6070,9.934
1.940349,-8.2913,3.2643,4.5788,10.018
1.941759,-8.3063,3.5552,4.5842,10.132
1.945083,-8.3610,3.8942,4.5822,10.299
1.958644,-8.4602,4.1619,4.5871,10.485
1.959762,-8.6062,4.4015,4.6061,10.708
1.961372,-8.7392,4.6347,4.6913,10.948
1.972472,-8.9113,4.9045,4.7155,11.212
1.973486,-9.0888,5.2297,4.7266,11.502
1.974037,-9.3333,5.6242,4.7054,11.869
1.977601,-9.5940,6.0062,4.6258,12.228
1.982727,-9.8847,6.4541,4.4976,12.633
1.986908,-10.0472,6.8001,4.3116,12.875
1.992097,-10.1027,7.0942,4.0970,13.007
1.997536,-10.0374,7.3987,3.8497,13.050
2.001209,-9.9063,7.6682,3.6705,13.054
2.005953,-9.7696,7.8909,3.4928,13.035
2.011800,-9.5439,8.0339,3.3814,12.925
2.015484,-9.2776,8.1717,3.3218,12.802
2.020308,-9.0307,8.2832,3.3093,12.693
2.025247,-8.7966,8.4215,3.2744,12.610
2.031269,-8.5754,8.5224,3.2696,12.524
2.034547,-8.3580,8.6196,3.2255,12.432
2.039326,-8.2423,8.6583,3.1733,12.368
2.043962,-8.2571,8.7247,3.0773,12.400
2.048820,-8.4190,8.7327,2.9474,12.483
2.053838,-8.7202,8.7584,2.8100,12.675
2.058396,-9.1098,8.8206,2.6770,12.960
2.063021,-9.5180,8.9355,2.5889,13.309
2.067989,-9.8651,9.0669,2.5522,13.640
2.072824,-10.1050,9.1688,2.4298,13.859
2.077035,-10.2018,9.2340,2.2194,13.938
2.082244,-10.2942,9.2960,1.9497,14.007
2.086812,-10.2893,9.3069,1.6024,13.966
2.091391,-10.2664,9.2502,1.2714,13.877
2.097691,-10.2330,9.0447,0.9239,13.688
2.102437,-10.2611,8.7361,0.6060,13.490
2.105653,-10.3030,8.4224,0.3611,13.312
2.111809,-10.3733,8.1348,0.2493,13.185
2.115316,-10.4770,7.9070,0.2518,13.128
2.120078,-10.6338,7.6913,0.3640,13.129
2.124566,-10.8508,7.6026,0.5665,13.261
2.129407,-11.1396,7.5449,0.8781,13.483
2.135424,-11.4717,7.4992,1.2554,13.763
2.138733,-11.8277,7.3317,1.6549,14.014
2.143992,-12.1671,7.1405,1.9953,14.248
2.148854,-12.6092,6.9686,2.3170,14.592
2.153904,-13.0865,6.8394,2.6244,14.997
2.158319,-13.6461,6.8359,2.9169,15.539
2.162513,-14.2415,6.8397,3.1748,16.115
2.167214,-14.7590,6.8498,3.3520,16.613
2.172127,-15.1286,6.7478,3.4005,16.911
2.176735,-15.2996,6.5139,3.3106,16.955
2.181604,-15.2986,6.2002,3.1517,16.805
2.186371,-15.1332,5.7372,2.9331,16.448
2.191595,-14.8828,5.1563,2.6600,15.974
2.196141,-14.5053,4.5196,2.4208,15.385
2.202791,-14.0228,3.8393,2.2372,14.710
2.205157,-13.4914,3.1635,2.0688,14.011
2.211525,-12.8905,2.4925,1.9826,13.278
2.214828,-12.2138,1.8102,1.9479,12.500
2.219476,-11.5915,1.1269,1.9768,11.813
2.224073,-11.0438,0.4577,2.0696,11.245
2.229239,-10.5404,-0.2490,2.2004,10.771
2.233751,-10.1537,-0.8872,2.3523,10.460
2.238432,-9.8985,-1.5257,2.4922,10.321
2.243148,-9.7677,-2.1400,2.6085,10.334
2.248884,-9.7663,-2.7111,2.6659,10.480
2.253785,-9.7744,-3.2032,2.6385,10.619
2.257726,-9.8925,-3.7076,2.5911,10.878
2.262760,-9.9912,-4.2057,2.5190,11.129
2.266923,-10.0633,-4.7240,2.3937,11.372
2.272110,-10.1016,-5.1912,2.2348,11.575
2.276200,-10.0728,-5.5863,2.0042,11.691
2.281145,-9.9580,-5.9955,1.8001,11.762
2.285967,-9.7311,-6.3565,1.5886,11.731
2.291514,-9.3305,-6.7096,1.3695,11.574
2.295400,-8.8356,-7.0258,1.1473,11.347
2.300011,-8.2516,-7.3162,0.9597,11.070
2.304820,-7.6744,-7.5657,0.8037,10.807
2.310726,-7.0852,-7.8191,0.6622,10.572
2.314527,-6.5702,-7.9824,0.5561,10.354
2.319406,-6.1341,-8.1367,0.4688,10.201
2.324049,-5.7816,-8.2459,0.3959,10.079
2.328839,-5.4410,-8.3746,0.3424,9.993
2.334281,-5.1027,-8.5060,0.3541,9.925
2.339442,-4.8263,-8.6257,0.3454,9.890
2.343301,-4.6693,-8.6432,0.3315,9.829
2.347528,-4.5596,-8.6690,0.2700,9.799
2.352498,-4.3849,-8.7752,0.2209,9.812
2.357021,-4.1813,-8.9354,0.2198,9.868
2.362110,-3.9225,-9.1278,0.2714,9.939
2.366602,-3.6587,-9.3354,0.3511,10.033
2.372350,-3.3686,-9.5407,0.4892,10.130
2.376341,-3.0233,-9.7193,0.6628,10.200
2.383537,-2.6827,-9.9089,0.8617,10.302
2.385617,-2.4135,-10.0828,1.0259,10.418
2.391701,-2.1129,-10.2836,1.1436,10.561
2.394879,-1.8428,-10.5037,1.2843,10.741
2.400519,-1.5600,-10.7184,1.4028,10.922
2.404285,-1.2883,-10.9442,1.5392,11.127
2.409378,-1.0561,-11.1565,1.6814,11.332
2.414057,-0.8081,-11.3290,1.7882,11.498
2.418633,-0.5752,-11.4877,1.8735,11.654
2.423304,-0.3810,-11.5897,1.9364,11.757
2.428115,-0.1584,-11.6639,1.9624,11.829
2.433434,0.0735,-11.7605,1.9205,11.917
2.437849,0.3507,-11.8890,1.8089,12.031
2.442622,0.6662,-11.9872,1.6308,12.116
2.447060,0.9698,-12.0432,1.4298,12.166
2.453404,1.2306,-12.0904,1.1708,12.209
2.456740,1.4559,-12.1840,0.9093,12.304
2.461261,1.6555,-12.2786,0.6269,12.406
2.465977,1.8987,-12.4101,0.3507,12.559
2.471789,2.1738,-12.4592,0.1410,12.648
2.475407,2.4807,-12.5072,0.0103,12.751
2.480761,2.7431,-12.5206,-0.1007,12.818
2.485324,2.9397,-12.5211,-0.1789,12.863
2.491000,3.1662,-12.5087,-0.2166,12.905
2.494777,3.3368,-12.5147,-0.2064,12.954
2.499884,3.5446,-12.5367,-0.2102,13.030
2.504338,3.8377,-12.6345,-0.2179,13.206
2.508888,4.1443,-12.7123,-0.2934,13.374
2.515211,4.4981,-12.7891,-0.4029,13.563
2.518517,4.9185,-12.8142,-0.5219,13.736
2.523250,5.3437,-12.7991,-0.6215,13.884
2.528228,5.7479,-12.7599,-0.6924,14.012
2.533069,6.1124,-12.6936,-0.7995,14.111
2.537944,6.3684,-12.6380,-0.9220,14.182
2.542114,6.5690,-12.5784,-1.0320,14.228
2.547099,6.6763,-12.5746,-1.1454,14.283
2.555639,6.6951,-12.5407,-1.2919,14.275
2.557548,6.6448,-12.4792,-1.4422,14.211
2.561243,6.6306,-12.4479,-1.6404,14.199
2.575268,6.6864,-12.5040,-1.8277,14.297
2.576525,6.7955,-12.5180,-2.0076,14.384
2.577492,6.8842,-12.4926,-2.1594,14.426
2.579915,6.9718,-12.4661,-2.3153,14.470
2.584427,7.0800,-12.4074,-2.4422,14.493
2.589212,7.2020,-12.4145,-2.5551,14.578
2.593950,7.3427,-12.4036,-2.6473,14.655
2.598760,7.5263,-12.3602,-2.7284,14.726
2.603319,7.6525,-12.3225,-2.8008,14.773
2.608107,7.7360,-12.2187,-2.8239,14.735
2.614657,7.7218,-12.0968,-2.8214,14.626
2.617712,7.6790,-11.9761,-2.7857,14.497
2.622443,7.5812,-11.8210,-2.6783,14.296
2.628308,7.4950,-11.6891,-2.4981,14.109
2.632181,7.3821,-11.6067,-2.2463,13.938
2.636900,7.1516,-11.6737,-1.9739,13.832
2.641780,6.8610,-11.8511,-1.6723,13.796
2.646272,6.4961,-12.1481,-1.4024,13.847
2.653973,6.0593,-12.5378,-1.1895,13.976
2.655775,5.5339,-12.9314,-0.9877,14.100
2.660418,4.8864,-13.2404,-0.7922,14.136
2.665367,4.2215,-13.4078,-0.5600,14.068
2.671283,3.5292,-13.4056,-0.3344,13.866
2.674643,2.8041,-13.2944,-0.1708,13.588
2.679875,2.1220,-13.0800,-0.0504,13.251
2.684055,1.5013,-12.8255,-0.0507,12.913
2.688948,0.9175,-12.5461,-0.1412,12.580
2.693700,0.4920,-12.3022,-0.3418,12.317
2.698334,0.2075,-12.1017,-0.5577,12.116
2.703237,0.1020,-11.9254,-0.8109,11.953
2.707794,0.1347,-11.7472,-1.0660,11.796
2.712457,0.2552,-11.5450,-1.2944,11.620
2.717286,0.4661,-11.3734,-1.4053,11.469
2.722194,0.7075,-11.1935,-1.4486,11.309
2.727478,0.9365,-11.0546,-1.3906,11.181
2.732014,1.0935,-10.9441,-1.3121,11.077
2.736423,1.1161,-10.8732,-1.2098,10.997
2.741045,1.0092,-10.8439,-1.0899,10.945
2.745938,0.7174,-10.7845,-0.9469,10.850
2.752010,0.2836,-10.6929,-0.8161,10.728
2.755136,-0.1897,-10.6768,-0.7068,10.702
2.759796,-0.7316,-10.6817,-0.6047,10.724
2.765773,-1.2802,-10.6866,-0.5436,10.777
2.769604,-1.7953,-10.6610,-0.4756,10.822
2.774251,-2.2845,-10.5624,-0.3718,10.813
2.779252,-2.7909,-10.4102,-0.2539,10.781
2.783692,-3.2814,-10.2071,-0.1291,10.722
2.788372,-3.7252,-9.9940,-0.0026,10.666
2.793388,-4.1629,-9.7737,0.0655,10.624
2.797990,-4.6211,-9.5345,0.0630,10.596
2.802676,-5.0114,-9.3246,0.0274,10.586
2.807891,-5.3482,-9.1087,-0.0825,10.563
2.812684,-5.5814,-8.8679,-0.2261,10.481
2.817079,-5.7759,-8.5216,-0.3558,10.301
2.821740,-5.9196,-8.0990,-0.4954,10.044
2.826461,-6.0437,-7.6222,-0.6568,9.750
2.834417,-6.1027,-7.1371,-0.7850,9.423
2.839704,-6.1756,-6.6182,-0.9205,9.099
2.841248,-6.3340,-6.0925,-1.0533,8.851
2.845616,-6.4699,-5.5751,-1.1092,8.612
2.851253,-6.5855,-5.1003,-1.1646,8.411
2.854835,-6.6016,-4.6855,-1.1647,8.179
2.859583,-6.5299,-4.2879,-1.0834,7.887
2.866800,-6.4301,-3.9243,-0.9067,7.587
2.869539,-6.2922,-3.6161,-0.7233,7.293
2.874060,-6.1138,-3.3676,-0.4761,6.996
2.878842,-5.9257,-3.1069,-0.1918,6.694
2.883857,-5.7733,-2.9075,0.0744,6.465
2.888193,-5.6039,-2.7569,0.3773,6.257
2.892885,-5.4843,-2.6569,0.6953,6.134
2.897733,-5.4194,-2.4830,1.0523,6.053
2.902412,-5.3613,-2.3449,1.3886,6.014
2.906988,-5.3434,-2.1897,1.7183,6.025
2.912146,-5.2963,-1.9885,2.0127,6.005
2.916562,-5.2823,-1.7841,2.2889,6.027
2.921626,-5.3471,-1.5597,2.5905,6.143
2.926404,-5.5311,-1.3082,2.8586,6.362
2.931646,-5.8153,-0.9941,3.0463,6.640
2.936452,-6.1995,-0.6752,3.2618,7.038
2.940289,-6.5876,-0.2684,3.5103,7.469
2.944802,-6.9794,0.1206,3.7178,7.909
2.951155,-7.3054,0.5251,3.8605,8.279
2.954553,-7.5963,0.9232,3.9903,8.630
2.959118,-7.8090,1.3438,4.0759,8.911
2.963939,-7.9649,1.6888,4.1219,9.126
2.978297,-8.0593,1.9945,4.1231,9.270
2.979239,-8.1017,2.3137,4.1344,9.385
2.979716,-8.1950,2.5990,4.1147,9.531
2.982869,-8.2887,2.8933,4.0828,9.682
2.987638,-8.4233,3.2111,4.0595,9.887
2.992977,-8.6150,3.4999,4.0318,10.135
2.997253,-8.7558,3.7883,4.0109,10.349
3.001871,-8.9242,4.0356,3.9270,10.552
3.006774,-9.0938,4.2564,3.8158,10.741
3.011606,-9.2595,4.5246,3.6412,10.930
3.016398,-9.3995,4.8689,3.4580,11.136
3.020815,-9.5277,5.2147,3.2373,11.334
3.025643,-9.6175,5.5717,2.9813,11.508
3.031709,-9.6808,5.9014,2.6809,11.650
3.034996,-9.7437,6.1870,2.3173,11.772
3.039911,-9.7919,6.4451,1.9297,11.880
3.044835,-9.8490,6.6850,1.5714,12.007
3.049371,-9.9650,6.9399,1.2763,12.210
3.054364,-10.0966,7.1497,1.0475,12.416
3.058628,-10.1719,7.3287,0.9357,12.572
3.063500,-10.1668,7.4337,0.8743,12.625
3.068423,-10.0934,7.5389,0.8729,12.628
3.073559,-9.9901,7.5871,0.8836,12.576
3.077808,-9.8164,7.6530,0.9352,12.482
3.082533,-9.6706,7.6911,0.9916,12.396
3.087112,-9.4859,7.7401,1.0436,12.287
3.092026,-9.3103,7.7429,1.1151,12.161
3.096763,-9.1491,7.7357,1.2132,12.042
3.101578,-9.0166,7.7259,1.3018,11.945
3.106248,-8.9153,7.7138,1.3830,11.870
3.111956,-8.8572,7.7714,1.4686,11.874
3.115726,-8.7515,7.7935,1.5317,11.818
3.120817,-8.6535,7.7710,1.5318,11.731
3.125145,-8.5442,7.7589,1.4783,11.636
3.132790,-8.4473,7.7644,1.3977,11.558
3.138318,-8.4110,7.7661,1.2545,11.516
3.139331,-8.3896,7.7996,1.0970,11.508
3.144030,-8.4000,7.8696,0.9660,11.551
3.151494,-8.4633,7.9520,0.8709,11.646
3.157174,-8.4717,7.9822,0.7924,11.667
3.158298,-8.4639,7.8720,0.6805,11.579
3.162967,-8.5093,7.6599,0.4948,11.460
3.167700,-8.6393,7.3893,0.3241,11.373
3.172466,-8.8419,7.1151,0.1397,11.350
3.177564,-9.1121,6.8208,-0.0034,11.382
3.182282,-9.3781,6.6065,-0.0957,11.472
3.187208,-9.6613,6.4291,-0.0922,11.605
3.191837,-9.9447,6.2789,-0.0002,11.761
3.196109,-10.2353,6.1819,0.0724,11.958
3.200943,-10.5235,6.1284,0.2047,12.180
3.205810,-10.8377,6.0606,0.3561,12.422
3.211252,-11.1803,5.9618,0.4814,12.680
3.216150,-11.5103,5.8436,0.6045,12.923
3.220040,-11.8056,5.8177,0.6967,13.180
3.225271,-12.0514,5.8141,0.7911,13.404
3.229359,-12.1966,5.8796,0.8853,13.569
3.234600,-12.1838,5.9612,0.9503,13.597
3.239173,-12.0247,5.9555,1.0077,13.457
3.243644,-11.7101,5.9676,1.1075,13.190
3.255749,-11.3166,5.9209,1.2473,12.833
3.256892,-10.8304,5.7534,1.4101,12.345
3.257974,-10.3000,5.4869,1.5910,11.778
3.263091,-9.7474,5.1126,1.8067,11.154
3.274565,-9.1853,4.6642,1.9712,10.489
3.275545,-8.6120,4.1783,2.1447,9.809
3.276672,-8.0664,3.6744,2.3511,9.170
3.282482,-7.5826,3.1675,2.5668,8.609
3.290226,-7.1636,2.6604,2.7776,8.131
3.291550,-6.8861,2.1610,2.9648,7.803
3.295621,-6.7985,1.6577,3.1072,7.656
3.300530,-6.8290,1.1866,3.2716,7.665
3.305347,-6.9298,0.7839,3.4291,7.771
3.311438,-7.1174,0.4518,3.6055,7.991
3.315583,-7.3462,0.1470,3.7287,8.240
3.320050,-7.6589,-0.0808,3.7772,8.540
3.324181,-7.9357,-0.3015,3.7014,8.762
3.329011,-8.1312,-0.5537,3.4919,8.867
3.333999,-8.2191,-0.7613,3.1971,8.852
3.338515,-8.2785,-1.0393,2.7550,8.787
3.343187,-8.2235,-1.4236,2.2045,8.632
3.348025,-8.1404,-1.8639,1.6321,8.509
3.352972,-8.0579,-2.2720,1.0642,8.439
3.357727,-7.9284,-2.5743,0.5705,8.355
3.362359,-7.6896,-2.8046,0.1796,8.187
3.366893,-7.4090,-2.9487,-0.1090,7.975
3.371748,-7.0915,-3.1212,-0.3815,7.757
3.376376,-6.7208,-3.2214,-0.6044,7.477
3.381268,-6.3451,-3.3661,-0.7613,7.223
3.385889,-5.9550,-3.4760,-0.8265,6.945
3.391833,-5.5913,-3.6225,-0.8388,6.715
3.395359,-5.3067,-3.7504,-0.8633,6.555
3.400162,-5.0796,-3.9816,-0.8527,6.510
3.404829,-4.9030,-4.2083,-0.8340,6.515
3.410881,-4.7241,-4.4257,-0.7716,6.519
3.414449,-4.4882,-4.6645,-0.6801,6.509
3.419102,-4.2791,-4.9533,-0.5385,6.568
3.424264,-4.0778,-5.1817,-0.3732,6.604
3.428559,-3.8915,-5.4383,-0.1841,6.690
3.433479,-3.7323,-5.7203,0.0193,6.830
3.437959,-3.5573,-6.0182,0.2225,6.994
3.442784,-3.3378,-6.2886,0.4470,7.134
3.447367,-3.1457,-6.5170,0.6520,7.266
3.453077,-2.8903,-6.7679,0.8164,7.404
3.457414,-2.5909,-7.0098,0.9762,7.537
3.461692,-2.2738,-7.2711,1.1222,7.701
3.466471,-1.9034,-7.5630,1.2594,7.900
3.471863,-1.5658,-7.8827,1.3836,8.155
3.475767,-1.2276,-8.1627,1.5268,8.395
3.480626,-0.9340,-8.3954,1.6273,8.603
3.485809,-0.6493,-8.6211,1.7550,8.822
3.491403,-0.4567,-8.8727,1.8598,9.077
3.494895,-0.2535,-9.1073,1.9373,9.314
3.499731,-0.0321,-9.3458,2.0353,9.565
3.504404,0.0999,-9.5691,2.1278,9.803
3.509120,0.2359,-9.7054,2.1915,9.953
3.514173,0.3547,-9.7885,2.2745,10.056
3.518831,0.4657,-9.8235,2.3295,10.107
3.523390,0.6146,-9.9015,2.3499,10.195
3.528428,0.7438,-10.0106,2.3650,10.313
3.533068,0.8919,-10.1099,2.3558,10.419
3.537692,1.0636,-10.2471,2.2987,10.555
3.542360,1.2234,-10.3502,2.2412,10.661
3.547142,1.3306,-10.4192,2.1282,10.717
3.552257,1.4404,-10.4639,1.9738,10.745
3.557080,1.5457,-10.4655,1.8347,10.737
3.561381,1.6705,-10.4937,1.6984,10.761
3.566148,1.8242,-10.5462,1.5403,10.813
3.571603,1.9903,-10.6038,1.3858,10.878
3.575668,2.2023,-10.6546,1.1789,10.943
3.580235,2.5059,-10.7819,0.9519,11.110
3.585181,2.8629,-10.8638,0.7134,11.257
3.590962,3.2832,-10.9929,0.4436,11.481
3.594521,3.7384,-11.1498,0.1349,11.761
3.599522,4.2191,-11.3383,-0.1458,12.099
3.604539,4.7619,-11.5387,-0.3408,12.487
3.609104,5.3432,-11.7212,-0.5884,12.895
3.613621,5.9779,-11.8683,-0.7466,13.310
3.618256,6.5734,-11.9934,-0.8963,13.706
3.622977,7.0848,-12.0719,-1.0222,14.035
3.627650,7.4865,-12.0674,-1.0852,14.242
3.632521,7.7958,-12.0631,-1.1060,14.405
3.637353,7.9917,-12.0683,-1.0795,14.515
3.642453,8.0744,-12.0615,-1.0503,14.553
3.647922,7.9868,-12.0095,-0.9823,14.456
3.651717,7.6837,-11.9056,-0.8492,14.195
3.657610,7.2366,-11.8249,-0.6682,13.880
3.661087,6.7003,-11.7660,-0.4565,13.548
3.666155,6.1961,-11.6896,-0.2700,13.233
3.671873,5.7618,-11.6039,-0.1711,12.957
3.675081,5.4280,-11.4978,-0.0932,12.715
3.679774,5.2279,-11.3908,-0.0747,12.533
3.684528,5.1756,-11.2925,-0.0875,12.422
3.689426,5.1539,-11.2149,-0.1006,12.343
3.694202,5.1627,-11.1652,-0.1098,12.301
3.699572,5.2094,-11.1359,-0.1510,12.295
3.703818,5.2844,-11.1484,-0.2168,12.339
3.708348,5.3522,-11.2904,-0.2997,12.498
3.713507,5.3794,-11.4894,-0.4041,12.693
3.718236,5.3306,-11.7878,-0.5300,12.948
3.722523,5.2180,-12.1299,-0.6940,13.223
3.727236,5.0633,-12.5056,-0.8149,13.516
3.732248,4.8358,-12.7997,-0.9910,13.719
3.737042,4.6241,-13.0216,-1.1679,13.868
3.741390,4.4376,-13.1402,-1.3827,13.938
3.746350,4.2668,-13.1916,-1.5430,13.950
3.751782,4.0372,-13.1212,-1.7500,13.839
3.763933,3.8394,-12.9798,-1.9799,13.680
3.764612,3.6107,-12.7658,-2.1781,13.444
3.765326,3.5012,-12.5779,-2.3397,13.264
3.771556,3.4506,-12.3135,-2.3212,12.997
3.774785,3.3940,-11.9874,-2.2424,12.659
3.779339,3.3000,-11.7290,-2.1295,12.369
3.784136,3.1877,-11.5285,-1.9414,12.118
3.789016,3.0400,-11.3733,-1.7085,11.896
3.793687,2.8809,-11.3443,-1.4185,11.790
3.798364,2.6791,-11.4095,-1.0711,11.769
3.803463,2.3794,-11.4897,-0.6632,11.752
3.808066,2.0677,-11.5845,-0.2183,11.770
3.813395,1.6887,-11.6080,0.2328,11.732
3.817767,1.2849,-11.6462,0.6385,11.734
3.822478,0.7986,-11.6348,0.9232,11.699
3.827732,0.2628,-11.5935,1.1698,11.655
3.832398,-0.3206,-11.5515,1.3576,11.635
3.837003,-0.8612,-11.5642,1.5329,11.697
3.841715,-1.3545,-11.5986,1.7227,11.804
3.846132,-1.8440,-11.5858,1.8819,11.882
3.856470,-2.3013,-11.5072,2.0159,11.907
3.858447,-2.7745,-11.3872,2.1039,11.908
3.860411,-3.2162,-11.1905,2.2059,11.851
3.865164,-3.6336,-10.9271,2.3150,11.746
3.877634,-4.0700,-10.5879,2.4217,11.599
3.878819,-4.5016,-10.0996,2.5923,11.357
3.879664,-4.8472,-9.5679,2.7443,11.071
3.883902,-5.1234,-9.0032,2.8759,10.751
3.888787,-5.2824,-8.4347,2.9210,10.372
3.893358,-5.3336,-7.8795,2.8520,9.933
3.898185,-5.3248,-7.3331,2.7134,9.460
3.908183,-5.2177,-6.8504,2.5449,8.979
3.909277,-5.1006,-6.3835,2.3679,8.507
3.912550,-4.9832,-5.9252,2.1794,8.043
3.925945,-4.8868,-5.5137,1.9985,7.634
3.926890,-4.8280,-5.1446,1.8822,7.302
3.927387,-4.8232,-4.7893,1.7750,7.025
3.931345,-4.9272,-4.4078,1.7228,6.832
3.936583,-5.1588,-4.0438,1.6686,6.764
3.940752,-5.3432,-3.7143,1.6417,6.711
3.945617,-5.4969,-3.3957,1.6898,6.678
3.951711,-5.5744,-3.1024,1.7602,6.618
3.957476,-5.6067,-2.8365,1.8554,6.552
3.959749,-5.6751,-2.5837,1.9708,6.540
3.964517,-5.7031,-2.2552,2.0900,6.479
3.969260,-5.7815,-1.9012,2.2231,6.479
3.974100,-5.8889,-1.5433,2.4155,6.549
3.978734,-5.9987,-1.1979,2.5717,6.636
3.983454,-6.1492,-0.8747,2.6440,6.750
3.988235,-6.3236,-0.5351,2.6872,6.892
3.993198,-6.4763,-0.2247,2.6891,7.016
3.997847,-6.6310,0.0325,2.6447,7.139
4.002604,-6.8139,0.3346,2.5348,7.278
4.007142,-7.0081,0.5502,2.3809,7.422
4.012280,-7.2968,0.8102,2.2096,7.667
4.017638,-7.6056,1.0642,2.0424,7.947
4.022011,-7.8454,1.3428,1.9174,8.187
4.026476,-8.0662,1.6122,1.7869,8.418
4.032038,-8.2534,1.9130,1.6702,8.635
4.035740,-8.4356,2.1473,1.5552,8.842
4.040485,-8.5698,2.4158,1.4418,9.020
4.045050,-8.6895,2.6685,1.3370,9.188
4.052426,-8.8541,2.8865,1.2093,9.391
4.058015,-9.0326,3.0602,1.0801,9.598
4.059963,-9.2869,3.2808,0.9637,9.896
4.064212,-9.6143,3.5098,0.8530,10.270
4.069685,-9.9951,3.8091,0.7430,10.722
4.076138,-10.3930,4.0924,0.6432,11.188
4.079355,-10.7265,4.4267,0.5152,11.615
4.083545,-11.0666,4.7542,0.3660,12.050
4.087897,-11.3675,5.0962,0.2195,12.459
4.092525,-11.5905,5.4932,0.0662,12.826
4.097433,-11.7472,5.8995,-0.1052,13.146
4.101995,-11.7994,6.3149,-0.2487,13.385
4.106728,-11.7922,6.6892,-0.4164,13.564
4.111821,-11.7779,7.0342,-0.5648,13.730
4.116304,-11.6873,7.3191,-0.6601,13.806
4.121313,-11.5777,7.5559,-0.7523,13.846
4.125841,-11.3800,7.7473,-0.8194,13.791
4.131543,-11.1854,7.8794,-0.8806,13.710
4.135265,-10.9177,7.9335,-0.8475,13.522
4.139925,-10.6586,8.0010,-0.7780,13.350
4.144697,-10.4323,8.0273,-0.6677,13.180
4.152212,-10.2559,8.0344,-0.5478,13.040
4.158001,-10.0531,8.1086,-0.4354,12.923
4.159792,-9.9005,8.1902,-0.3139,12.853
4.163783,-9.7431,8.2482,-0.2599,12.768
4.168443,-9.6649,8.3020,-0.2106,12.743
4.173295,-9.6610,8.3348,-0.1490,12.760
4.177797,-9.7603,8.3898,-0.0655,12.871
4.182561,-9.9026,8.4551,0.0323,13.021
4.187363,-10.0782,8.6022,0.1321,13.251
4.192683,-10.2604,8.7903,0.1712,13.512
4.196717,-10.4582,8.9905,0.1684,13.792
4.201559,-10.6331,9.2096,0.0805,14.067
4.206341,-10.7679,9.3829,-0.0689,14.283
4.211415,-10.8958,9.4791,-0.2913,14.445
4.215722,-11.0142,9.3976,-0.6290,14.492
4.220711,-11.1616,9.1147,-1.0066,14.445
4.226653,-11.2283,8.6856,-1.3254,14.257
4.233017,-11.2270,8.2565,-1.5323,14.020
4.235003,-11.2583,7.9305,-1.5725,13.861
4.239975,-11.2846,7.6456,-1.4869,13.712
4.244630,-11.4282,7.4284,-1.2999,13.692
4.249217,-11.5338,7.2647,-1.0670,13.673
4.253893,-11.6638,7.1379,-0.8316,13.700
4.259405,-11.8565,7.0598,-0.6678,13.815
4.263296,-12.1094,6.9301,-0.5133,13.962
4.268052,-12.4080,6.8226,-0.3106,14.163
4.272703,-12.7828,6.7752,-0.1102,14.468
4.277350,-13.1564,6.7656,0.0903,14.794
4.282578,-13.4775,6.8311,0.2692,15.112
4.286934,-13.7188,6.8653,0.4001,15.346
4.291840,-13.8487,6.8244,0.4573,15.446
4.296918,-13.8502,6.6815,0.4627,15.385
4.301635,-13.7545,6.4555,0.4862,15.202
4.306186,-13.6767,6.0315,0.5689,14.958
4.312221,-13.5429,5.5124,0.6558,14.637
4.315368,-13.3514,4.9247,0.7853,14.252
4.319992,-13.1241,4.3113,0.9522,13.847
4.324908,-12.8641,3.7181,1.1610,13.441
4.330842,-12.5839,3.2096,1.4132,13.063
4.334425,-12.2315,2.7143,1.6866,12.642
4.339067,-11.9198,2.2540,1.9350,12.284
4.343805,-11.6160,1.8291,2.1172,11.948
4.348822,-11.3276,1.3728,2.1728,11.616
4.353676,-11.0625,0.8664,2.1188,11.297
4.359394,-10.8353,0.3746,1.9887,11.023
4.363058,-10.5866,-0.1097,1.7901,10.737
4.367457,-10.3119,-0.6225,1.5286,10.443
4.372343,-10.0453,-1.1588,1.2648,10.191
4.377287,-9.7320,-1.7091,0.9659,9.928
4.381967,-9.4014,-2.2301,0.6786,9.686
4.386582,-9.0443,-2.7717,0.4129,9.469
4.392600,-8.6399,-3.2475,0.2648,9.234
4.396582,-8.2147,-3.6594,0.1962,8.995
4.400741,-7.7740,-4.0885,0.1924,8.786
4.405627,-7.3420,-4.4551,0.2391,8.591
4.411389,-6.9979,-4.7948,0.3362,8.490
4.415214,-6.7561,-5.0330,0.4646,8.438
4.419897,-6.6166,-5.2582,0.6626,8.477
4.424479,-6.5719,-5.4272,0.8913,8.570
4.429103,-6.5527,-5.5737,1.1549,8.680
4.434307,-6.5705,-5.6596,1.4477,8.792
4.438618,-6.6037,-5.7380,1.7237,8.917
4.443282,-6.6449,-5.8331,1.9630,9.057
4.448092,-6.6629,-6.0024,2.1533,9.223
4.453268,-6.6218,-6.2126,2.2750,9.361
4.458059,-6.5243,-6.5021,2.3496,9.506
4.462948,-6.3606,-6.7470,2.3885,9.575
4.467333,-6.1502,-6.9643,2.3893,9.593
4.472098,-5.9290,-7.1753,2.3902,9.610
4.476718,-5.6232,-7.4132,2.3554,9.598
4.481305,-5.3096,-7.6894,2.3205,9.628
4.486055,-4.9478,-7.9987,2.2854,9.679
4.491493,-4.6119,-8.2856,2.2071,9.736
4.495482,-4.3022,-8.5833,2.1239,9.833
4.500924,-3.9278,-8.9464,2.0594,9.985
4.505289,-3.5174,-9.3000,2.0301,10.148
4.511128,-3.0760,-9.6289,2.0905,10.322
4.514515,-2.6321,-9.9395,2.2144,10.518
4.520264,-2.2096,-10.1927,2.3610,10.693
4.524064,-1.7917,-10.3974,2.5522,10.855
4.528893,-1.4260,-10.5434,2.7667,10.993
4.533800,-1.1362,-10.6664,2.9380,11.122
4.538250,-0.8981,-10.7994,3.0786,11.265
4.543022,-0.7329,-10.9093,3.1721,11.385
4.547722,-0.6287,-11.0203,3.1545,11.480
4.552755,-0.5517,-11.1449,3.0884,11.578
4.558312,-0.4471,-11.2858,2.9552,11.675
4.562099,-0.3219,-11.4195,2.7603,11.753
4.566926,-0.0997,-11.5918,2.5327,11.866
4.571619,0.2146,-11.7330,2.3301,11.964
4.576695,0.5949,-11.8906,2.1669,12.101
4.581126,1.0339,-12.0333,1.9860,12.240
4.585712,1.4747,-12.1150,1.8593,12.345
4.592132,1.8552,-12.1474,1.7227,12.408
4.595159,2.2237,-12.1803,1.6382,12.489
4.600063,2.5374,-12.2302,1.5750,12.590
4.604594,2.8156,-12.3017,1.4810,12.706
4.609919,3.1162,-12.3514,1.4591,12.822
4.614087,3.3962,-12.4150,1.3926,12.946
4.618938,3.6130,-12.4161,1.3319,13.000
4.623907,3.8097,-12.4504,1.2867,13.084
4.628776,3.9531,-12.4202,1.1901,13.088
4.633115,4.0551,-12.4503,1.0706,13.138
4.639283,4.1589,-12.4978,0.9424,13.205
4.642568,4.2405,-12.5583,0.8100,13.280
4.647272,4.3286,-12.6585,0.6898,13.396
4.653052,4.4495,-12.7319,0.5791,13.499
4.659857,4.6198,-12.8025,0.4633,13.618
4.662386,4.8515,-12.8368,0.3588,13.728
4.666473,5.1306,-12.9135,0.2602,13.898
4.671838,5.4477,-13.0033,0.1531,14.099
4.675755,5.7770,-13.1106,0.0609,14.327
4.680485,6.1310,-13.2178,-0.0474,14.571
4.685406,6.4552,-13.3484,-0.1572,14.828
4.691153,6.7955,-13.4538,-0.2829,15.075
4.694754,7.1383,-13.5573,-0.3958,15.327
4.699810,7.4841,-13.5771,-0.5054,15.511
4.704292,7.7978,-13.5914,-0.5759,15.680
4.708998,8.0105,-13.5809,-0.6505,15.781
4.713741,8.1730,-13.4761,-0.6935,15.776
4.719174,8.2449,-13.3915,-0.7075,15.742
4.723453,8.2459,-13.2865,-0.6839,15.652
4.727834,8.1137,-13.1283,-0.5922,15.445
4.732684,7.8703,-13.0243,-0.5170,15.226
4.738891,7.6853,-12.9130,-0.3993,15.032
4.742167,7.5130,-12.7925,-0.2831,14.838
4.746833,7.3485,-12.6704,-0.2217,14.649
4.753093,7.2205,-12.5729,-0.2128,14.500
4.759890,7.1144,-12.4954,-0.2514,14.381
4.762023,6.9825,-12.5474,-0.3130,14.363
4.766055,6.8748,-12.6714,-0.4306,14.423
4.771770,6.7077,-12.8645,-0.6346,14.522
4.775301,6.4690,-13.1814,-0.8550,14.708
4.780143,6.1685,-13.5308,-1.0845,14.910
4.784884,5.9016,-13.8241,-1.2891,15.086
4.790805,5.6465,-14.0468,-1.4375,15.207
4.794431,5.2906,-14.1917,-1.5367,15.224
4.799777,4.8957,-14.2829,-1.6698,15.191
4.804299,4.4398,-14.2704,-1.7433,15.046
4.808871,3.9174,-14.1312,-1.7426,14.767
4.813748,3.4474,-13.9066,-1.7032,14.428
4.818091,2.9764,-13.6621,-1.5603,14.069
4.822957,2.6378,-13.3288,-1.3857,13.658
4.827438,2.4285,-12.9287,-1.1607,13.206
4.833078,2.3101,-12.5049,-0.8569,12.745
4.837418,2.2129,-12.0763,-0.5248,12.289
4.841792,2.2229,-11.6545,-0.1504,11.866
4.846437,2.2324,-11.2751,0.2106,11.496
4.853187,2.1599,-10.9639,0.5605,11.189
4.859574,2.0674,-10.7422,0.8585,10.973
4.860909,1.8494,-10.5953,1.1289,10.815
4.865512,1.5344,-10.5279,1.3673,10.727
4.871568,1.1029,-10.5210,1.5581,10.693
4.874968,0.5210,-10.5295,1.6930,10.677
4.879736,-0.1617,-10.4991,1.7421,10.644
4.884799,-0.8451,-10.5123,1.8187,10.702
4.889437,-1.5033,-10.5456,1.8609,10.814
4.894050,-2.0625,-10.7046,1.8149,11.052
4.898539,-2.6045,-10.8864,1.7178,11.325
4.903818,-3.1774,-11.0912,1.5684,11.643
4.908180,-3.7384,-11.1830,1.4253,11.877
4.913298,-4.2949,-11.1125,1.3677,11.992
4.918104,-4.8114,-10.9138,1.3692,12.006
4.922405,-5.3023,-10.6593,1.4008,11.987
4.928386,-5.7487,-10.3898,1.4661,11.964
4.933200,-6.1172,-10.0219,1.5518,11.843
4.936594,-6.4079,-9.5605,1.5841,11.618
4.941333,-6.6134,-9.0014,1.5871,11.282
4.946012,-6.8174,-8.4071,1.4851,10.925
4.953880,-7.0530,-7.7901,1.3623,10.597
4.959989,-7.2267,-7.1536,1.2197,10.241
4.962230,-7.4170,-6.4912,1.1039,9.918
4.965314,-7.5875,-5.8562,0.9570,9.632
4.971675,-7.7283,-5.2208,0.7715,9.358
4.974554,-7.8986,-4.6550,0.5902,9.187
4.979358,-8.0644,-4.1883,0.3939,9.096
4.984863,-8.1939,-3.7950,0.1541,9.031
4.988951,-8.2916,-3.4563,-0.0476,8.983
4.993589,-8.3092,-3.1629,-0.2225,8.894
4.998073,-8.2967,-2.9436,-0.3269,8.810
5.002871,-8.1463,-2.7099,-0.3292,8.592
5.007586,-7.8654,-2.5351,-0.2552,8.268
5.012321,-7.4997,-2.4325,-0.0729,7.885
5.017060,-7.1312,-2.3196,0.2278,7.502
5.022206,-6.8821,-2.1377,0.5731,7.229
5.026830,-6.7121,-1.9223,0.9348,7.044
5.031915,-6.6475,-1.6945,1.2872,6.980
5.036042,-6.7098,-1.4137,1.6423,7.051
5.040920,-6.7840,-1.0704,1.9405,7.137
5.045494,-6.8748,-0.7653,2.2203,7.265
5.053885,-6.9846,-0.4481,2.4720,7.423
5.060144,-7.1179,-0.1309,2.6863,7.609
5.060770,-7.2985,0.1693,2.8466,7.836
5.065069,-7.5524,0.5241,2.9960,8.142
5.070108,-7.8221,0.8328,3.1658,8.479
5.074146,-8.1237,1.1524,3.2981,8.843
5.078910,-8.4474,1.4829,3.3902,9.222
5.083612,-8.7566,1.8022,3.4890,9.597
5.088374,-9.0650,2.1840,3.5221,9.967
5.098712,-9.2621,2.5303,3.5533,10.238
5.099854,-9.4075,2.8863,3.5365,10.457
5.107275,-9.5058,3.2045,3.4260,10.600
5.107635,-9.6190,3.5066,3.2122,10.730
5.112278,-9.5990,3.7642,2.9310,10.719
5.116847,-9.6109,3.9894,2.5349,10.710
5.121390,-9.5566,4.2375,2.1673,10.676
5.126082,-9.5461,4.5063,1.8259,10.713
5.131451,-9.5224,4.7075,1.4631,10.723
5.135547,-9.5427,4.9251,1.1272,10.798
5.140488,-9.6072,5.1996,0.7445,10.949
5.145335,-9.6652,5.5045,0.4423,11.132
5.151496,-9.7072,5.8204,0.1088,11.319
5.154757,-9.7448,6.1113,-0.1885,11.504
5.159498,-9.8208,6.3986,-0.4515,11.730
5.164050,-9.8897,6.6128,-0.6795,11.916
5.168926,-9.9751,6.8113,-0.8597,12.109
5.173792,-10.1417,6.9749,-0.9894,12.348
5.178467,-10.3269,7.1707,-1.0112,12.613
5.183209,-10.4732,7.3149,-1.0162,12.815
5.188037,-10.5828,7.4078,-0.9117,12.950
5.192894,-10.5862,7.4876,-0.7202,12.987
5.197744,-10.5412,7.6169,-0.5475,13.017
5.202109,-10.4646,7.7674,-0.3773,13.038
5.206823,-10.4263,7.9226,-0.2197,13.097
5.211638,-10.4119,8.1402,-0.1061,13.217
5.216467,-10.4120,8.3462,-0.0248,13.344
5.221211,-10.4265,8.5741,0.0027,13.499
5.225806,-10.4935,8.8071,-0.0118,13.700
5.231770,-10.5768,8.9997,-0.0228,13.888
5.235455,-10.6953,9.1350,-0.0419,14.066
5.240401,-10.8632,9.2680,-0.0477,14.280
5.244772,-11.0274,9.4915,-0.0518,14.550
5.251512,-11.1469,9.6714,-0.0518,14.758
5.254339,-11.2526,9.8720,-0.0666,14.969
5.259025,-11.3467,10.0312,-0.0817,15.145
5.263728,-11.4317,10.1106,-0.1542,15.262
5.270465,-11.4600,10.0746,-0.2646,15.261
5.273591,-11.4940,9.9259,-0.3888,15.192
5.278814,-11.5625,9.6862,-0.4837,15.091
5.282865,-11.7042,9.3965,-0.5611,15.020
5.287429,-11.9190,9.1095,-0.5995,15.014
5.292199,-12.1283,8.8588,-0.6112,15.032
5.296845,-12.2845,8.6565,-0.5869,15.040
5.301534,-12.4953,8.4860,-0.5889,15.116
5.306491,-12.7181,8.3401,-0.6313,15.222
5.311856,-12.9863,8.1759,-0.6851,15.361
5.315819,-13.3190,8.0029,-0.6401,15.552
5.320914,-13.6991,7.9114,-0.5467,15.829
5.326051,-14.0994,7.8580,-0.4146,16.147
5.331803,-14.5287,7.8320,-0.2608,16.507
5.335266,-14.8927,7.8327,-0.0543,16.827
5.339850,-15.1358,7.8377,0.0945,17.045
5.344304,-15.1812,7.6983,0.2240,17.023
5.349272,-15.0480,7.5717,0.2750,16.848
5.354172,-14.8821,7.4146,0.3101,16.630
5.358692,-14.5951,7.1426,0.3801,16.254
5.363348,-14.2564,6.7389,0.5422,15.778
5.368193,-13.8377,6.2440,0.7438,15.199
5.373144,-13.3657,5.6220,0.9656,14.532
5.378014,-12.8270,4.9522,1.2336,13.805
5.382893,-12.1986,4.2040,1.5377,12.994
5.387167,-11.5821,3.5145,1.9511,12.260
5.392133,-11.0097,2.8679,2.4035,11.628
5.397079,-10.5323,2.3221,2.8033,11.144
5.401446,-10.0764,1.8060,3.1641,10.715
5.406277,-9.6973,1.2719,3.4379,10.367
5.411450,-9.4027,0.7155,3.5840,10.088
5.415416,-9.1593,0.1634,3.5744,9.833
5.421710,-8.9435,-0.4610,3.4196,9.586
5.425322,-8.7987,-1.0544,3.1803,9.415
5.431123,-8.6988,-1.6193,2.8431,9.294
5.434608,-8.6248,-2.1174,2.4855,9.222
5.439811,-8.5076,-2.5562,2.0752,9.122
5.444046,-8.4357,-3.0145,1.7156,9.121
5.448576,-8.4451,-3.5068,1.3336,9.241
5.454356,-8.4378,-3.9663,1.0513,9.383
5.458161,-8.3828,-4.3618,0.8331,9.486
5.463004,-8.2827,-4.6747,0.6573,9.533
5.467813,-8.1542,-4.9168,0.5286,9.537
5.472999,-7.9260,-5.0549,0.4561,9.412
5.477115,-7.6914,-5.1606,0.4202,9.272
5.481982,-7.4243,-5.2720,0.4373,9.116
5.486647,-7.1800,-5.4007,0.4713,8.997
5.491619,-6.9371,-5.5608,0.5312,8.907
5.496245,-6.7315,-5.7760,0.6262,8.892
5.501247,-6.5871,-6.0270,0.7864,8.963
5.505645,-6.4512,-6.2850,0.9632,9.058
5.511897,-6.3215,-6.5069,1.1299,9.142
5.515043,-6.2220,-6.8171,1.3601,9.329
5.520261,-6.1310,-7.1293,1.5558,9.531
5.524521,-6.0368,-7.4577,1.8028,9.763
5.529300,-5.8773,-7.7760,2.0002,9.950
5.534026,-5.6979,-8.0841,2.2386,10.141
5.538861,-5.4892,-8.3581,2.4244,10.289
5.543770,-5.3588,-8.5453,2.5624,10.407
5.548464,-5.1298,-8.7320,2.6452,10.467
5.553304,-4.9123,-8.9492,2.7085,10.562
5.557947,-4.7279,-9.2256,2.6899,10.710
5.562661,-4.6340,-9.4895,2.6632,10.891
5.567450,-4.4917,-9.7531,2.6395,11.057
5.572434,-4.3275,-10.0448,2.5746,11.236
5.577296,-4.0792,-10.3310,2.4534,11.375
5.581458,-3.7494,-10.6805,2.2944,11.550
5.586271,-3.3478,-11.0379,2.1070,11.725
5.591810,-2.8532,-11.3620,1.8887,11.866
5.595657,-2.3110,-11.6596,1.7212,12.010
5.600515,-1.6689,-12.0279,1.6114,12.250
5.605064,-0.9291,-12.4417,1.4824,12.564
5.611038,-0.0701,-12.8925,1.3471,12.963
5.614603,0.8268,-13.3094,1.1570,13.385
5.619267,1.7619,-13.6313,1.0008,13.781
5.624724,2.6734,-13.8017,0.8906,14.086
5.628898,3.5310,-13.7981,0.8409,14.268
5.633901,4.2444,-13.6436,0.8663,14.315
5.638303,4.8384,-13.4145,1.0021,14.296
5.643110,5.2468,-13.2012,1.0610,14.245
5.647661,5.4729,-12.9822,1.1521,14.136
5.654142,5.4431,-12.7295,1.2739,13.903
5.657535,5.1291,-12.4682,1.4455,13.559
5.662339,4.6625,-12.2670,1.6470,13.226
5.667061,4.0982,-12.1321,1.8146,12.934
5.672165,3.5291,-12.1225,1.9296,12.772
5.676392,3.0338,-12.1917,1.9632,12.716
5.681066,2.6810,-12.3241,1.8657,12.750
5.686409,2.5637,-12.5441,1.6525,12.910
5.691468,2.7891,-12.8275,1.3011,13.192
5.695164,3.2643,-13.0658,0.8685,13.495
5.699992,3.8939,-13.2195,0.4334,13.788
5.704626,4.5949,-13.3066,0.0075,14.078
5.709498,5.2486,-13.3617,-0.3606,14.360
5.714382,5.8414,-13.4029,-0.6899,14.637
5.719047,6.3622,-13.3887,-1.0017,14.857
5.723681,6.7782,-13.3400,-1.2336,15.014
5.728396,7.0492,-13.2447,-1.4217,15.071
5.733093,7.1828,-13.0674,-1.5188,14.989
5.737916,7.1911,-12.9040,-1.5853,14.857
5.742629,7.0957,-12.7433,-1.5784,14.671
5.747328,6.9372,-12.5739,-1.5585,14.445
5.754164,6.8372,-12.4276,-1.5426,14.268
5.756939,6.6617,-12.3503,-1.5166,14.114
5.761701,6.5037,-12.2373,-1.4236,13.931
5.766371,6.3106,-12.1274,-1.2763,13.730
5.771464,6.1514,-12.0021,-1.0947,13.531
5.775926,6.0523,-11.8762,-0.9200,13.361
5.780566,6.0946,-11.7879,-0.7267,13.290
5.785988,6.2399,-11.7180,-0.5682,13.288
5.791511,6.5149,-11.7331,-0.4808,13.429
5.795645,6.9007,-11.7582,-0.4047,13.640
5.800619,7.3281,-11.7950,-0.3995,13.892
5.805225,7.7257,-11.8381,-0.3849,14.141
5.809265,8.0364,-11.8220,-0.3861,14.300
5.814448,8.2748,-11.7895,-0.4085,14.409
5.819343,8.4169,-11.8520,-0.3978,14.542
5.823348,8.4512,-11.9087,-0.4220,14.609
5.828160,8.2963,-11.9783,-0.4343,14.577
5.832775,7.9450,-12.0513,-0.4189,14.441
5.837438,7.4641,-12.1421,-0.3947,14.258
5.842530,6.8175,-12.2200,-0.3877,13.998
5.846913,6.1291,-12.2830,-0.4831,13.736
5.851782,5.3959,-12.2934,-0.5292,13.436
5.857992,4.6604,-12.1875,-0.5400,13.059
5.869651,3.9386,-12.0234,-0.5154,12.663
5.870209,3.2611,-11.8547,-0.5062,12.305
5.873214,2.5222,-11.7270,-0.4606,12.004
5.875612,1.8365,-11.6123,-0.4443,11.765
5.880426,1.1461,-11.5206,-0.4374,11.586
5.884966,0.5561,-11.3881,-0.4579,11.411
5.891054,0.0806,-11.2578,-0.5362,11.271
5.894479,-0.2159,-11.1223,-0.6165,11.142
5.899128,-0.4098,-10.9865,-0.6501,11.013
5.903776,-0.4748,-10.8568,-0.6171,10.885
5.909029,-0.4468,-10.7520,-0.5447,10.775
5.913416,-0.3927,-10.6425,-0.4088,10.658
5.918086,-0.3820,-10.5565,-0.2760,10.567
5.922922,-0.3884,-10.5003,-0.1691,10.509
5.927468,-0.4696,-10.4493,-0.0154,10.460
5.932345,-0.6905,-10.4533,0.1815,10.478
5.937244,-1.0848,-10.4189,0.3777,10.482
5.941811,-1.6051,-10.2798,0.5286,10.418
5.946609,-2.1492,-10.0563,0.6806,10.306
5.951923,-2.7462,-9.8451,0.8415,10.256
5.956220,-3.2985,-9.6567,0.9834,10.252
5.961244,-3.8329,-9.4440,1.0951,10.251
5.965576,-4.4189,-9.2604,1.1699,10.327
5.971773,-5.0065,-9.0063,1.2104,10.375
5.976409,-5.5287,-8.7163,1.2737,10.400
5.980322,-5.9404,-8.3935,1.3787,10.375
5.984452,-6.3013,-8.0317,1.5084,10.319
5.989385,-6.5874,-7.6268,1.6646,10.214
5.994706,-6.8130,-7.2009,1.8353,10.082
5.999449,-6.9541,-6.7138,2.0367,9.878
6.007165,-7.0202,-6.1369,2.2972,9.603
6.011688,-6.9489,-5.5471,2.5443,9.248
6.013222,-6.8668,-4.9730,2.7558,8.915
6.017845,-6.7044,-4.4788,2.9091,8.572
6.022579,-6.4759,-4.0545,3.0277,8.218
6.027183,-6.2601,-3.6880,3.0771,7.890
6.032264,-6.0712,-3.3527,3.0831,7.590
6.036808,-5.8969,-3.0582,2.9836,7.282
6.041671,-5.7062,-2.7781,2.8364,6.952
6.046123,-5.4727,-2.5317,2.6656,6.593
6.051504,-5.2632,-2.3381,2.4738,6.268
6.055699,-5.0442,-2.2283,2.2546,5.958
6.060547,-4.8398,-2.1446,2.0588,5.680
6.065258,-4.7026,-2.0867,1.9107,5.488
6.071662,-4.5942,-2.0042,1.8008,5.326
6.074523,-4.5529,-1.8851,1.7795,5.239
6.079935,-4.5762,-1.7389,1.7966,5.215
6.084929,-4.6617,-1.5586,1.8593,5.255
6.089078,-4.7828,-1.3491,1.9269,5.330
6.093696,-4.8629,-1.1824,1.9565,5.373
6.098668,-4.9904,-0.9869,1.9747,5.457
6.103859,-5.1675,-0.8295,1.9866,5.598
6.108012,-5.3537,-0.6768,1.9994,5.755
6.112956,-5.5748,-0.5242,2.0704,5.970
6.117164,-5.9000,-0.3791,2.1371,6.287
6.122776,-6.2668,-0.1867,2.1682,6.634
6.126845,-6.5719,0.0024,2.2204,6.937
6.131527,-6.8269,0.1522,2.2905,7.203
6.136458,-7.0317,0.3655,2.4014,7.439
6.141620,-7.1980,0.5777,2.4454,7.624
6.145768,-7.2494,0.8033,2.4845,7.705
6.151850,-7.2219,1.0449,2.4953,7.712
6.156126,-7.1300,1.2717,2.4446,7.644
6.160005,-7.0099,1.5437,2.3807,7.562
6.164687,-6.8713,1.8155,2.3161,7.475
6.171970,-6.7407,2.0779,2.2632,7.408
6.176920,-6.6827,2.3502,2.2007,7.418
6.179103,-6.6732,2.6514,2.1597,7.498
6.183889,-6.6861,2.9936,2.1664,7.639
6.188380,-6.8021,3.3909,2.2107,7.915
6.193478,-6.9827,3.8169,2.2658,8.274
6.197799,-7.1915,4.1900,2.3071,8.637
6.202715,-7.4330,4.5627,2.2936,9.018
6.207517,-7.6997,4.8919,2.2277,9.390
6.212251,-7.9984,5.2132,2.1618,9.789
6.216783,-8.2427,5.4836,2.0312,10.106
6.223321,-8.4706,5.7555,1.8595,10.408
6.226403,-8.6771,6.0815,1.6542,10.724
6.232439,-8.8524,6.3011,1.4296,10.960
6.236235,-9.0179,6.5172,1.1790,11.189
6.241090,-9.1351,6.7273,0.9194,11.382
6.245716,-9.1491,6.9267,0.6891,11.496
6.251268,-9.1388,7.0915,0.4431,11.576
6.255234,-9.1043,7.2482,0.1368,11.638
6.259576,-9.1031,7.4661,-0.1241,11.774
6.264384,-9.0969,7.6543,-0.3749,11.895
6.269401,-9.1215,7.8536,-0.5864,12.051
6.274207,-9.1744,8.1236,-0.8135,12.281
6.279167,-9.2575,8.4020,-0.9579,12.538
6.283285,-9.2966,8.6121,-1.0984,12.720
6.288076,-9.2774,8.7853,-1.2658,12.840
6.292842,-9.3101,8.8763,-1.3833,12.938
6.297609,-9.3038,8.9618,-1.5079,13.006
6.303005,-9.2946,9.0325,-1.5466,13.052
6.307482,-9.2874,9.1221,-1.5380,13.108
6.312525,-9.3038,9.2521,-1.4899,13.205
6.316350,-9.3103,9.3869,-1.4149,13.297
6.321730,-9.2855,9.4788,-1.3066,13.333
6.326683,-9.3202,9.6282,-1.1944,13.453
6.331329,-9.3593,9.7395,-1.1624,13.557
6.335323,-9.4407,9.8603,-1.1386,13.699
6.340784,-9.5214,9.9070,-1.1800,13.791
6.345477,-9.6610,9.8794,-1.2810,13.877
6.351897,-9.8952,9.7107,-1.4193,13.936
6.355965,-10.2308,9.5297,-1.5369,14.066
6.359818,-10.5693,9.3147,-1.6266,14.182
6.364862,-10.8439,8.9916,-1.6572,14.184
6.368532,-11.0763,8.6826,-1.6217,14.167
6.373411,-11.2863,8.3594,-1.5703,14.132
6.378373,-11.4719,8.0390,-1.5221,14.091
6.382898,-11.6529,7.7314,-1.4841,14.063
6.387492,-11.8609,7.5111,-1.2984,14.099
6.392423,-12.1678,7.3973,-1.0993,14.282
6.397016,-12.5185,7.3827,-0.9155,14.562
6.401608,-12.9723,7.4906,-0.7187,14.997
6.406523,-13.4973,7.6870,-0.5523,15.543
6.411744,-14.1140,7.8943,-0.4426,16.178
6.416097,-14.6921,8.0372,-0.3895,16.751
6.420985,-15.2735,8.0310,-0.5049,17.264
6.426046,-15.6899,7.8939,-0.7687,17.581
6.431818,-15.9576,7.7015,-1.0135,17.748
6.435030,-16.0547,7.4602,-1.1986,17.744
6.440306,-15.9360,7.0880,-1.3195,17.491
6.444730,-15.6808,6.6472,-1.4120,17.090
6.449404,-15.2492,6.0563,-1.3616,16.464
6.454409,-14.6946,5.3921,-1.1836,15.697
6.458917,-13.9772,4.6093,-0.9386,14.747
6.463560,-13.1030,3.7779,-0.6463,13.652
6.468880,-12.1784,2.9439,-0.3213,12.533
6.478341,-11.2073,2.1107,0.0983,11.405
6.480017,-10.2196,1.3345,0.5525,10.321
6.482860,-9.3169,0.5995,1.1127,9.402
6.505891,-8.5146,-0.0646,1.6948,8.682
6.506895,-7.9040,-0.7213,2.2224,8.242
6.507423,-7.3806,-1.3601,2.7243,7.984
6.507995,-6.9949,-1.9753,3.1556,7.924
6.508529,-6.7400,-2.5665,3.5287,8.029
6.521053,-6.6183,-3.0709,3.8487,8.249
6.521875,-6.5413,-3.5172,4.0997,8.483
6.522226,-6.5473,-3.8765,4.3226,8.751
6.524952,-6.6478,-4.1416,4.5775,9.072
6.530947,-6.7710,-4.3056,4.7878,9.344
6.534483,-6.8208,-4.3858,4.8579,9.453
6.539384,-6.8785,-4.4065,4.8855,9.518
6.544201,-6.9868,-4.4492,4.7657,9.556
6.549287,-7.0594,-4.4903,4.5318,9.515
6.555103,-7.1035,-4.5970,4.2197,9.455
6.559898,-7.1164,-4.7601,3.9130,9.413
6.563668,-7.1339,-4.8822,3.6233,9.373
6.567917,-7.0603,-4.9731,3.3500,9.263
6.573047,-6.9146,-5.0333,3.1308,9.108
6.578354,-6.7734,-5.1179,2.9385,8.984
6.582296,-6.6008,-5.2009,2.7367,8.838
6.595315,-6.3659,-5.3085,2.6156,8.692
6.596752,-6.1095,-5.4120,2.4938,8.534
6.597728,-5.8772,-5.5424,2.4046,8.429
6.601268,-5.6548,-5.6972,2.3577,8.366
6.625407,-5.3849,-5.9100,2.3362,8.330
6.626418,-5.1181,-6.1375,2.3858,8.340
6.626843,-4.8784,-6.3937,2.4280,8.401
6.627454,-4.6039,-6.6475,2.5542,8.480
6.627995,-4.3260,-6.9702,2.7291,8.646
6.629354,-4.0949,-7.2754,2.9054,8.840
6.634691,-3.8678,-7.5225,3.0955,9.007
6.639475,-3.6232,-7.7637,3.2398,9.160
6.643820,-3.3756,-8.0393,3.3166,9.329
6.648317,-3.0844,-8.3608,3.3449,9.519
6.653155,-2.7664,-8.7249,3.2867,9.725
6.657941,-2.4432,-9.0764,3.2284,9.938
6.662635,-2.1267,-9.4050,3.1374,10.140
6.667491,-1.8264,-9.6913,3.0502,10.323
6.679298,-1.5423,-9.9491,3.0005,10.505
6.680598,-1.3076,-10.1562,2.9738,10.663
6.682027,-1.1268,-10.3534,2.9699,10.830
6.686750,-0.9878,-10.4904,2.9453,10.941
6.704433,-0.9621,-10.5963,2.8807,11.023
6.705750,-1.0065,-10.6929,2.8139,11.103
6.706568,-1.0970,-10.8144,2.7160,11.204
6.707415,-1.2359,-10.9375,2.5603,11.301
6.711298,-1.3279,-11.0820,2.4490,11.427
6.714615,-1.3777,-11.1814,2.3069,11.500
6.719834,-1.3475,-11.3225,2.1455,11.602
6.724254,-1.2661,-11.5030,2.0050,11.745
6.729211,-1.0932,-11.7233,1.7324,11.901
6.734112,-0.8316,-12.0525,1.4671,12.170
6.738472,-0.4598,-12.3799,1.1831,12.445
6.743312,-0.0043,-12.7145,0.9053,12.747
6.748538,0.5686,-13.0863,0.6059,13.113
6.753203,1.2519,-13.4056,0.3077,13.467
6.757622,2.0008,-13.6852,0.0407,13.831
6.762732,2.7752,-13.9285,-0.1441,14.203
6.767138,3.5762,-14.0597,-0.2265,14.509
6.777980,4.3138,-14.0971,-0.2702,14.745
6.779677,5.0439,-14.0849,-0.2644,14.963
6.781404,5.6672,-13.9673,-0.2776,15.076
6.786239,6.1799,-13.7940,-0.2909,15.118
6.802618,6.5421,-13.5481,-0.3150,15.048
6.804719,6.7471,-13.3425,-0.4134,14.957
6.805657,6.8169,-13.1847,-0.5420,14.853
6.806502,6.8306,-13.1470,-0.7712,14.836
6.810757,6.8169,-13.1558,-1.0015,14.851
6.814297,6.7997,-13.1473,-1.2339,14.853
6.819086,6.7574,-13.1577,-1.4335,14.861
6.823749,6.6853,-13.1209,-1.5412,14.806
6.828953,6.6524,-13.0781,-1.6944,14.770
6.833636,6.6778,-13.0680,-1.8647,14.793
6.838690,6.8211,-13.0670,-2.0309,14.879
6.843224,6.9963,-13.0846,-2.1618,14.994
6.847689,7.1771,-13.0492,-2.2500,15.062
6.852620,7.3781,-13.0443,-2.3071,15.163
6.858186,7.6185,-12.9741,-2.3492,15.228
6.861968,7.8843,-12.8647,-2.3569,15.271
6.866777,8.1707,-12.7135,-2.3392,15.293
6.878793,8.4472,-12.5297,-2.3483,15.293
6.881035,8.6161,-12.3509,-2.3070,15.235
6.882281,8.6420,-12.1791,-2.2673,15.105
6.886017,8.4987,-12.0621,-2.2523,14.926
6.901495,8.1625,-11.9640,-2.2211,14.653
6.902704,7.6879,-11.8973,-2.1663,14.330
6.903587,7.0917,-11.8601,-2.1625,13.987
6.904478,6.4213,-11.9601,-2.1626,13.746
6.909201,5.8128,-12.1068,-2.2035,13.609
6.913940,5.3305,-12.3599,-2.2867,13.653
6.918745,4.9312,-12.5878,-2.3531,13.722
6.923554,4.5885,-12.7617,-2.3698,13.767
6.928289,4.2542,-12.7766,-2.3516,13.670
6.933034,3.9880,-12.7092,-2.2772,13.513
6.937680,3.7942,-12.6145,-2.2111,13.357
6.942452,3.6606,-12.4735,-2.0884,13.166
6.947077,3.5654,-12.3123,-1.9852,12.971
6.952443,3.5251,-12.1833,-1.8939,12.824
6.957521,3.4534,-12.0552,-1.7827,12.666
6.961318,3.3716,-11.8941,-1.6559,12.473
6.966511,3.2556,-11.7264,-1.4792,12.260
6.974285,3.1004,-11.5997,-1.2928,12.076
6.986070,2.9462,-11.5139,-1.0960,11.935
6.986705,2.7212,-11.4495,-0.9144,11.804
6.987108,2.4297,-11.4233,-0.6923,11.699
6.991214,2.0475,-11.3444,-0.5009,11.539
6.994495,1.5648,-11.2729,-0.2992,11.385
6.999849,0.9856,-11.2000,-0.1226,11.244
7.004258,0.3839,-11.1979,0.0079,11.204
7.009377,-0.1980,-11.1856,0.1046,11.188
7.013676,-0.7485,-11.1733,0.2013,11.200
7.018270,-1.3063,-11.1566,0.3174,11.237
7.023076,-1.8430,-11.1692,0.4269,11.328
7.027942,-2.3064,-11.2185,0.5465,11.466
7.032521,-2.7590,-11.2522,0.7047,11.607
7.037939,-3.2154,-11.2704,0.8704,11.752
7.042110,-3.6090,-11.1395,1.0718,11.759
7.046657,-3.9472,-10.9461,1.3228,11.711
7.051481,-4.2399,-10.7713,1.5682,11.681
7.056365,-4.4944,-10.5484,1.8479,11.614
7.061270,-4.8091,-10.3300,2.1090,11.588
7.065592,-5.1672,-9.9851,2.3245,11.481
7.074516,-5.5307,-9.5693,2.5556,11.344
7.076544,-5.9114,-9.0790,2.7390,11.175
7.080127,-6.2974,-8.5368,2.8261,10.978
7.084932,-6.6717,-7.9774,2.8427,10.781
7.089364,-7.0126,-7.3517,2.8095,10.541
7.094185,-7.2527,-6.7420,2.6900,10.261
7.098788,-7.3560,-6.1753,2.4957,9.923
7.103845,-7.3890,-5.6686,2.2212,9.574
7.109006,-7.3157,-5.2315,1.8975,9.192
7.116899,-7.1860,-4.9238,1.6132,8.859
7.118023,-7.0332,-4.6737,1.3804,8.557
7.122562,-6.8714,-4.4569,1.1997,8.278
7.127244,-6.7127,-4.2083,1.1045,7.999
7.132182,-6.5520,-4.0375,1.1049,7.775
7.136754,-6.4063,-3.8842,1.2060,7.588
7.141655,-6.3258,-3.7024,1.4102,7.464
7.146451,-6.2244,-3.5084,1.7126,7.347
7.151784,-6.2001,-3.2946,2.1031,7.329
7.155869,-6.1979,-3.1062,2.5002,7.370
7.160618,-6.2012,-2.8641,2.8778,7.412
7.165224,-6.2362,-2.5852,3.1455,7.448
7.173312,-6.3581,-2.2360,3.3543,7.528
7.179306,-6.5643,-1.8789,3.5045,7.675
7.179922,-6.8808,-1.4856,3.5654,7.891
7.184363,-7.2713,-1.1166,3.5613,8.173
7.189137,-7.7089,-0.7440,3.4852,8.493
7.193723,-8.1164,-0.3687,3.4617,8.832
7.198368,-8.4743,-0.0414,3.4067,9.133
7.203300,-8.8058,0.2878,3.3227,9.416
7.208873,-9.0749,0.5898,3.1882,9.637
7.213150,-9.2167,0.8672,3.0676,9.752
7.217465,-9.2047,1.2014,2.9793,9.749
7.222206,-9.0727,1.5521,2.8866,9.647
7.227148,-8.9187,1.7909,2.8010,9.518
7.231974,-8.7383,2.0691,2.6673,9.368
7.236374,-8.5844,2.3228,2.5282,9.245
7.241569,-8.4834,2.6121,2.3667,9.187
7.247396,-8.5026,2.8851,2.1777,9.239
7.252609,-8.5678,3.1874,1.9536,9.348
7.255846,-8.7004,3.4689,1.6990,9.519
7.260721,-8.8619,3.7962,1.4136,9.744
7.264891,-9.1308,4.1260,1.1313,10.083
7.272301,-9.4897,4.5485,0.8192,10.555
7.278322,-9.8521,4.9149,0.4639,11.020
7.278996,-10.2030,5.2796,0.1140,11.489
7.288190,-10.5634,5.6204,-0.2365,11.968
7.289310,-10.8751,5.9346,-0.5530,12.401
7.293501,-11.0520,6.2291,-0.8612,12.716
7.298135,-11.1704,6.4514,-1.1246,12.948
7.302861,-11.2113,6.6520,-1.2953,13.100
7.307486,-11.1774,6.8457,-1.4447,13.187
7.312360,-11.0450,7.0040,-1.5084,13.165
7.317300,-10.8959,7.2424,-1.5154,13.171
7.321950,-10.7254,7.5131,-1.5139,13.182
7.326451,-10.5553,7.7806,-1.4921,13.198
7.331992,-10.3883,8.0549,-1.4838,13.229
7.335923,-10.3272,8.3505,-1.4509,13.360
7.341120,-10.3742,8.5862,-1.4631,13.546
7.346593,-10.4506,8.7933,-1.5439,13.745
7.352879,-10.5823,9.0124,-1.5790,13.989
7.355842,-10.8022,9.2312,-1.6138,14.301
7.360069,-11.1236,9.4372,-1.6679,14.683
7.364815,-11.3880,9.6229,-1.6960,15.005
7.371008,-11.6021,9.7952,-1.7749,15.287
7.376602,-11.7653,9.9656,-1.8708,15.532
7.378864,-11.8370,10.1605,-1.9574,15.722
7.383719,-11.8242,10.3485,-2.0702,15.849
7.388571,-11.7150,10.4868,-2.1779,15.873
7.392982,-11.5503,10.6375,-2.2802,15.867
7.398157,-11.3254,10.7291,-2.4247,15.788
7.402282,-11.1268,10.8048,-2.6178,15.729
7.406997,-10.9168,10.7670,-2.8422,15.594
7.412075,-10.7316,10.6544,-3.0638,15.430
7.416606,-10.5097,10.4458,-3.3033,15.182
7.421750,-10.3400,10.1705,-3.5460,14.931
7.426079,-10.2089,9.8433,-3.7053,14.657
7.431838,-10.1240,9.4767,-3.7764,14.372
7.435508,-10.1408,9.1190,-3.6978,14.130
7.441367,-10.2811,8.7392,-3.5080,13.942
7.445403,-10.5303,8.4068,-3.2386,13.858
7.451421,-10.8907,8.1311,-2.8873,13.895
7.454453,-11.3499,7.8928,-2.4615,14.042
7.459643,-11.8618,7.7033,-1.9598,14.279
7.464405,-12.4809,7.5503,-1.4927,14.663
7.469221,-13.1921,7.5001,-1.0848,15.214
7.474302,-13.9969,7.5279,-0.6554,15.906
7.478915,-14.7412,7.5587,-0.3292,16.569
7.483035,-15.4671,7.6226,-0.0392,17.243
7.487766,-16.0374,7.6515,0.1282,17.770
7.492596,-16.4370,7.5821,0.1828,18.102
7.497245,-16.6774,7.3779,0.0895,18.237
7.502184,-16.7756,7.0311,-0.0742,18.190
7.506613,-16.6553,6.5440,-0.2460,17.896
7.511845,-16.3560,5.9788,-0.3827,17.419
7.516034,-15.8046,5.3647,-0.3958,16.695
7.521139,-15.1434,4.7498,-0.3168,15.874
7.525720,-14.4116,4.1105,-0.2130,14.988
7.532193,-13.6674,3.5186,-0.0273,14.113
7.535351,-12.9236,2.8933,0.2111,13.245
7.540280,-12.1786,2.2325,0.5042,12.392
7.545242,-11.4573,1.5536,0.8275,11.592
7.549737,-10.7771,0.8406,1.1470,10.870
7.554843,-10.1127,0.0587,1.4841,10.221
7.559185,-9.5009,-0.6599,1.8482,9.701
7.563851,-8.9948,-1.3714,2.1747,9.355
7.568700,-8.6141,-1.9869,2.5159,9.191
7.581654,-8.3040,-2.5201,2.8646,9.139
7.582799,-8.0571,-2.9041,3.2462,9.159
7.584232,-7.9093,-3.2705,3.5675,9.273
7.587632,-7.7888,-3.6382,3.8142,9.405
7.608606,-7.6955,-3.9429,3.9607,9.511
7.609930,-7.6317,-4.1968,4.0431,9.602
7.610512,-7.5951,-4.3570,4.0715,9.656
7.611093,-7.5327,-4.4622,4.0335,9.640
7.611663,-7.4113,-4.5533,3.9050,9.535
7.615611,-7.2713,-4.6758,3.6281,9.375
7.620529,-7.1034,-4.7937,3.3744,9.210
7.625858,-7.0058,-5.1174,2.9531,9.165
7.631433,-6.8540,-5.5010,2.5128,9.141
7.634764,-6.6291,-5.8585,2.1420,9.102
7.639982,-6.4008,-6.1944,1.8238,9.092
7.644363,-6.1786,-6.4825,1.5053,9.081
7.649064,-5.9126,-6.8301,1.2657,9.122
7.654489,-5.6698,-7.1200,1.0790,9.165
7.658743,-5.4577,-7.4452,0.9859,9.284
7.663415,-5.2547,-7.7719,1.0153,9.436
7.668142,-5.0395,-8.0952,1.0836,9.597
7.679482,-4.7930,-8.4294,1.2125,9.772
7.680928,-4.5155,-8.7333,1.3711,9.927
7.682571,-4.1665,-9.0400,1.5095,10.068
7.687010,-3.8464,-9.3490,1.6451,10.242
7.704210,-3.5337,-9.6265,1.7570,10.404
7.705736,-3.2095,-9.9125,1.8769,10.587
7.706426,-2.8950,-10.1972,2.0006,10.787
7.707135,-2.5879,-10.4754,2.1379,11.000
7.721576,-2.3143,-10.6991,2.2774,11.181
7.722571,-2.0621,-10.9016,2.4100,11.354
7.723162,-1.8384,-11.0589,2.5008,11.486
7.725755,-1.6453,-11.2615,2.5888,11.672
7.730898,-1.5162,-11.3827,2.6218,11.779
7.734494,-1.3887,-11.5994,2.6431,11.977
7.739854,-1.2556,-11.7275,2.6549,12.090
7.744582,-1.1525,-11.8822,2.6089,12.220
7.748557,-1.0411,-12.0681,2.4758,12.363
7.753295,-0.8376,-12.2874,2.3172,12.532
7.758189,-0.5898,-12.5300,2.1349,12.724
7.762774,-0.2353,-12.7142,1.9497,12.865
7.767467,0.1878,-12.8466,1.7322,12.964
7.774429,0.6153,-12.9265,1.5343,13.032
7.778111,1.0572,-12.9466,1.3195,13.057
7.782024,1.4444,-12.8850,1.1062,13.013
7.786642,1.8896,-12.8395,0.8750,13.007
7.792134,2.3238,-12.7407,0.7067,12.970
7.796214,2.6590,-12.6242,0.5820,12.914
7.800585,2.9336,-12.5310,0.4674,12.878
7.805771,3.1526,-12.4660,0.3299,12.863
7.811466,3.3186,-12.4056,0.1770,12.843
7.814935,3.5535,-12.4099,0.0162,12.909
7.819691,3.8095,-12.4049,-0.1446,12.978
7.825602,4.0844,-12.3692,-0.3099,13.030
7.830144,4.3089,-12.3269,-0.4455,13.066
7.834085,4.4712,-12.3234,-0.5369,13.120
7.839208,4.6431,-12.3660,-0.6022,13.223
7.844841,4.8582,-12.4211,-0.6456,13.353
7.848933,5.1380,-12.4530,-0.6665,13.488
7.854185,5.4038,-12.4422,-0.6788,13.582
7.857625,5.7229,-12.4266,-0.7178,13.700
7.863932,6.0049,-12.3890,-0.6949,13.785
7.868390,6.2693,-12.4029,-0.6844,13.914
7.873245,6.4807,-12.3773,-0.6722,13.987
7.878336,6.5508,-12.3195,-0.5973,13.966
7.883316,6.5492,-12.2822,-0.5378,13.930
7.886780,6.5814,-12.2585,-0.4641,13.921
7.891652,6.6496,-12.2775,-0.4564,13.970
7.895463,6.8066,-12.3201,-0.4873,14.084
7.900218,7.0596,-12.3720,-0.6167,14.258
7.906146,7.4088,-12.4044,-0.7752,14.469
7.911282,7.8544,-12.4573,-0.9577,14.758
7.914959,8.3656,-12.4490,-1.1349,15.042
7.919535,8.9001,-12.4002,-1.3256,15.321
7.924401,9.3362,-12.3509,-1.5122,15.556
7.928857,9.6795,-12.2885,-1.6657,15.731
7.933584,9.8536,-12.2580,-1.7951,15.830
7.938138,9.9163,-12.2402,-1.9074,15.868
7.942882,9.8078,-12.2805,-1.9929,15.842
7.947837,9.5377,-12.4193,-2.0753,15.796
7.952864,9.0870,-12.6565,-2.1684,15.731
7.957154,8.5561,-12.9873,-2.2678,15.717
7.962156,7.9830,-13.2896,-2.3543,15.681
7.967073,7.3605,-13.5635,-2.4717,15.629
7.972885,6.6786,-13.7735,-2.5726,15.522
7.977284,5.9224,-13.8582,-2.6505,15.302
7.981427,5.1871,-13.8184,-2.6463,14.995
7.985861,4.5149,-13.6934,-2.5892,14.649
7.993499,3.8619,-13.5558,-2.4847,14.313
7.995287,3.3282,-13.3633,-2.3333,13.968
8.000400,2.9612,-13.1280,-2.1596,13.630
8.004588,2.6599,-12.8646,-1.9761,13.284
8.009483,2.3933,-12.5179,-1.7854,12.869
8.014161,2.1297,-12.1314,-1.5518,12.414
8.018713,1.9098,-11.7482,-1.2826,11.971
8.024087,1.7616,-11.4686,-0.9773,11.644
8.029109,1.5847,-11.2971,-0.7003,11.429
8.034363,1.4626,-11.2043,-0.3886,11.306
8.038850,1.3040,-11.2232,-0.0697,11.299
8.042627,1.1159,-11.2526,0.2480,11.311
8.047333,0.8454,-11.2591,0.6351,11.309
8.053961,0.4275,-11.1900,0.9756,11.241
8.057413,-0.0761,-11.1224,1.3087,11.199
8.062645,-0.6155,-11.0522,1.6020,11.185
8.066272,-1.1912,-11.0183,1.8918,11.243
8.073185,-1.6840,-10.9924,2.1120,11.319
8.078486,-2.1566,-10.9584,2.2677,11.396
8.083278,-2.6066,-10.8543,2.4332,11.425
8.085226,-3.0370,-10.7261,2.5207,11.429
8.091360,-3.4884,-10.5120,2.5450,11.364
8.094735,-3.9276,-10.2504,2.5061,11.260
8.099450,-4.3547,-9.9705,2.4823,11.160
8.104249,-4.7435,-9.6586,2.4485,11.036
8.109116,-5.0772,-9.3007,2.3750,10.859
8.113760,-5.2962,-8.9453,2.2634,10.639
8.118485,-5.4697,-8.5732,2.1202,10.388
8.123228,-5.6505,-8.1202,1.9497,10.083
8.128040,-5.8145,-7.5819,1.7939,9.722
8.132754,-6.0068,-6.9973,1.6348,9.366
8.137528,-6.2080,-6.3861,1.4640,9.026
8.148884,-6.4081,-5.8664,1.2496,8.777
8.149617,-6.4945,-5.3384,1.0364,8.471
8.152137,-6.5027,-4.8646,0.8432,8.165
8.157709,-6.4541,-4.4502,0.6342,7.865
8.161111,-6.3796,-4.0952,0.4431,7.594
8.165917,-6.2743,-3.8162,0.2514,7.348
8.171414,-6.1262,-3.5916,0.1119,7.102
8.175589,-5.9566,-3.4138,0.0678,6.866
8.180273,-5.7824,-3.2608,0.0976,6.639
8.185010,-5.6443,-3.0797,0.1800,6.432
8.191283,-5.5182,-2.8631,0.3653,6.227
8.194649,-5.3945,-2.6348,0.5985,6.033
8.199164,-5.3499,-2.4018,0.8873,5.931
8.204002,-5.3055,-2.2210,1.1962,5.875
8.208754,-5.3188,-2.0016,1.4636,5.868
8.213462,-5.4209,-1.8079,1.6998,5.962
8.217886,-5.6428,-1.5587,1.8745,6.147
8.222910,-5.9270,-1.2425,2.0503,6.393
8.227984,-6.2109,-0.9363,2.2250,6.663
8.232911,-6.5180,-0.6333,2.4057,6.977
8.238057,-6.8838,-0.3173,2.5395,7.344
8.241732,-7.2529,-0.0054,2.6453,7.720
8.247443,-7.5698,0.2926,2.7466,8.058
8.252681,-7.8508,0.5525,2.8526,8.371
8.257388,-8.1292,0.8914,2.9128,8.681
8.260973,-8.3209,1.1658,2.9338,8.900
8.265805,-8.4594,1.4356,2.9249,9.065
8.272880,-8.5324,1.7343,2.8764,9.170
8.277162,-8.5446,1.9783,2.7546,9.193
8.279778,-8.5654,2.2539,2.5906,9.228
8.284516,-8.5924,2.4633,2.3656,9.246
8.289318,-8.6400,2.6403,2.0967,9.275
8.294048,-8.6411,2.8448,1.8749,9.289
8.298702,-8.6415,3.0342,1.6452,9.305
8.303290,-8.6509,3.2421,1.4099,9.345
8.308169,-8.7196,3.4690,1.2266,9.464
8.312883,-8.7783,3.7077,1.0642,9.588
8.317690,-8.8463,3.9681,0.9442,9.741
8.322387,-8.9663,4.2786,0.8331,9.970
8.327842,-9.0760,4.6129,0.6971,10.205
8.332300,-9.1752,4.9780,0.5721,10.454
8.336891,-9.3114,5.3880,0.4460,10.767
8.344201,-9.4914,5.7543,0.2929,11.103
8.346229,-9.7292,6.1123,0.1370,11.491
8.352198,-9.9714,6.4522,-0.0595,11.877
8.355697,-10.1865,6.7759,-0.2438,12.237
8.360478,-10.3429,7.0449,-0.4013,12.521
8.365311,-10.4427,7.2638,-0.5294,12.732
8.371023,-10.4571,7.4829,-0.5943,12.872
8.375606,-10.3767,7.6186,-0.5983,12.887
8.379362,-10.3688,7.7643,-0.4770,12.962
8.384080,-10.3306,7.8749,-0.3932,12.996
8.389167,-10.2862,7.9842,-0.2066,13.023
8.393771,-10.1853,8.1377,0.0266,13.037
8.398187,-10.0808,8.2378,0.2676,13.021
8.403017,-10.0446,8.3399,0.4751,13.064
8.407660,-9.9741,8.4179,0.6436,13.067
8.412767,-9.8458,8.5057,0.7418,13.032
8.417217,-9.6671,8.5439,0.8052,12.927
8.422049,-9.5412,8.6330,0.7433,12.889
8.426782,-9.4301,8.7037,0.6713,12.850
8.432556,-9.4126,8.8351,0.5632,12.922
8.436915,-9.4458,8.9839,0.4099,13.042
8.441196,-9.4840,9.1453,0.2145,13.177
8.445687,-9.5271,9.2998,-0.0824,13.314
8.451915,-9.6467,9.3614,-0.4705,13.450
8.456115,-9.8354,9.3728,-0.9227,13.617
8.461097,-10.0859,9.2863,-1.4354,13.785
8.464676,-10.3668,9.1903,-1.9220,13.987
8.469349,-10.6136,8.9603,-2.4151,14.099
8.477312,-10.8408,8.6706,-2.8424,14.170
8.479444,-11.0772,8.3621,-3.1673,14.236
8.483668,-11.2847,8.1185,-3.3921,14.309
8.488420,-11.4780,7.9304,-3.5312,14.391
8.493117,-11.6620,7.8122,-3.5730,14.484
8.497766,-11.8703,7.7352,-3.5677,14.610
8.502447,-12.0837,7.6850,-3.4958,14.741
8.507247,-12.3907,7.5874,-3.4002,14.922
8.512072,-12.7742,7.5522,-3.2737,15.197
8.516613,-13.1978,7.5166,-3.0448,15.490
8.521405,-13.6797,7.6234,-2.7789,15.905
8.526580,-14.1449,7.7591,-2.4957,16.325
8.531573,-14.4180,7.9323,-2.2343,16.607
8.535623,-14.6157,8.0800,-1.9955,16.819
8.540896,-14.7254,8.1248,-1.7915,16.913
8.546090,-14.7228,8.0328,-1.5795,16.846
8.552012,-14.6726,7.8224,-1.3739,16.684
8.556362,-14.5268,7.4121,-1.1631,16.350
8.559743,-14.1733,6.8831,-0.8432,15.779
8.564579,-13.6703,6.2593,-0.6491,15.049
8.568893,-12.9949,5.5890,-0.4330,14.152
8.574686,-12.2178,4.8777,-0.2148,13.157
8.579337,-11.3379,4.1240,-0.0210,12.065
8.584407,-10.4501,3.4344,0.2272,11.002
8.589199,-9.5745,2.7906,0.5149,9.986
8.594084,-8.8029,2.2054,0.7800,9.108
8.597924,-8.0786,1.6317,1.0083,8.303
8.602427,-7.5239,1.0295,1.2057,7.689
8.607450,-7.1345,0.4256,1.3469,7.273
8.611658,-6.9202,-0.1913,1.4357,7.070
8.616342,-6.9002,-0.7901,1.4901,7.103
8.621160,-6.8975,-1.3775,1.5349,7.199
8.626062,-6.9551,-1.9227,1.5849,7.388
8.632140,-7.0227,-2.3853,1.6689,7.602
8.635278,-7.0381,-2.7676,1.7747,7.768
8.640438,-6.9989,-3.0485,1.8709,7.860
8.644814,-6.9456,-3.2833,1.9431,7.924
8.651307,-6.8639,-3.4267,1.9026,7.904
8.654624,-6.7729,-3.5388,1.8191,7.855
8.658902,-6.7037,-3.6341,1.7542,7.825
8.663656,-6.5487,-3.7198,1.6929,7.719
8.668421,-6.3414,-3.7697,1.6270,7.555
8.673328,-6.1394,-3.8481,1.5295,7.405
8.678800,-5.9091,-3.9694,1.3880,7.253
8.683475,-5.6579,-4.1262,1.2618,7.115
8.687964,-5.4048,-4.2920,1.1480,6.997
8.692457,-5.1907,-4.5098,1.0322,6.953
8.697486,-4.9748,-4.7149,0.9093,6.914
8.701979,-4.8337,-4.9600,0.8222,6.974
8.706413,-4.6693,-5.2113,0.7780,7.040
8.711877,-4.5247,-5.4690,0.8049,7.144
8.715869,-4.3952,-5.7354,0.8761,7.279
8.720549,-4.2401,-5.9744,1.0299,7.398
8.725513,-4.0931,-6.2123,1.2491,7.544
8.731262,-3.9135,-6.4370,1.4885,7.679
8.735453,-3.7110,-6.7078,1.7554,7.864
8.740284,-3.5313,-6.9934,1.9760,8.080
8.744550,-3.3456,-7.2960,2.1696,8.315
8.749231,-3.2019,-7.5798,2.3128,8.547
8.755933,-3.0642,-7.8401,2.4756,8.774
8.759484,-2.9232,-8.1199,2.5557,9.001
8.764455,-2.7598,-8.3999,2.6492,9.230
8.768943,-2.5334,-8.7228,2.7495,9.490
8.773450,-2.2704,-9.1071,2.8592,9.812
8.777552,-2.0378,-9.4498,2.9764,10.115
8.784027,-1.8308,-9.7195,3.1018,10.365
8.787525,-1.5799,-9.9827,3.2578,10.619
8.793992,-1.3592,-10.1578,3.4303,10.807
8.800843,-1.1494,-10.3543,3.5386,11.002
8.801690,-1.0054,-10.5671,3.6327,11.219
8.806145,-0.8574,-10.7434,3.7342,11.406
8.811462,-0.7509,-10.8331,3.8381,11.517
8.815428,-0.6330,-10.8936,3.8937,11.586
8.820386,-0.4582,-10.9587,3.8573,11.627
8.825120,-0.2264,-11.0282,3.7094,11.638
8.830988,0.0625,-11.1283,3.4211,11.643
8.834450,0.3368,-11.2874,3.0575,11.699
8.839568,0.6183,-11.4406,2.6830,11.767
8.843849,0.8713,-11.5449,2.2735,11.799
8.848615,1.1390,-11.6650,1.9079,11.875
8.853438,1.4263,-11.7719,1.5716,11.962
8.858263,1.7645,-11.8297,1.2666,12.027
8.864052,2.1202,-11.8933,0.9691,12.120
8.868711,2.4650,-11.9217,0.6770,12.193
8.873710,2.8134,-11.9484,0.4548,12.284
8.877917,3.1250,-11.9612,0.2386,12.365
8.884424,3.4384,-11.9764,0.0242,12.460
8.886740,3.7250,-11.9654,-0.1307,12.533
8.891755,4.0162,-11.9880,-0.2519,12.645
8.896825,4.3120,-11.9819,-0.3559,12.739
8.901061,4.6128,-12.0736,-0.4117,12.931
8.905544,4.9451,-12.1097,-0.4720,13.089
8.911953,5.2568,-12.1618,-0.5038,13.259
8.915154,5.5817,-12.2103,-0.5005,13.435
8.920030,5.8103,-12.2237,-0.4674,13.542
8.924467,6.0626,-12.2760,-0.4576,13.699
8.929389,6.2840,-12.2426,-0.4310,13.768
8.934111,6.4293,-12.2624,-0.4334,13.852
8.938642,6.5299,-12.2492,-0.4221,13.887
8.944867,6.6290,-12.2176,-0.4191,13.906
8.948839,6.7075,-12.1749,-0.3745,13.905
8.953222,6.7728,-12.1308,-0.3791,13.899
8.958483,6.8920,-12.1140,-0.3806,13.942
8.963590,7.0051,-12.0529,-0.4221,13.947
8.968546,7.1675,-11.9977,-0.4941,13.984
8.973352,7.2858,-11.9173,-0.6201,13.982
8.976938,7.3744,-11.7904,-0.7165,13.925
8.981607,7.4285,-11.6482,-0.8191,13.840
8.987450,7.4935,-11.5410,-0.9375,13.792
8.996801,7.5575,-11.4926,-1.0856,13.798
8.998283,7.6278,-11.4501,-1.3131,13.821
9.000873,7.5633,-11.4707,-1.5499,13.827
9.005832,7.5195,-11.5517,-1.8048,13.901
9.011259,7.3461,-11.7476,-2.0036,13.999
9.014717,7.1603,-12.0458,-2.1988,14.185
9.019590,6.8762,-12.3767,-2.4094,14.362
9.024418,6.5417,-12.6251,-2.5570,14.447
9.029339,6.1376,-12.7868,-2.6949,14.437
9.033743,5.7161,-12.8570,-2.7878,14.344
9.038289,5.3177,-12.8435,-2.8245,14.185
9.043645,4.8914,-12.6967,-2.6595,13.864
9.047780,4.4440,-12.4367,-2.3935,13.422
9.052917,4.1159,-12.2432,-2.0624,13.080
9.057658,3.8280,-12.0421,-1.7427,12.756
9.062030,3.5967,-11.8596,-1.4536,12.478
9.067286,3.4243,-11.6070,-1.1218,12.153
9.073052,3.2987,-11.3201,-0.7432,11.814
9.077944,3.1909,-11.0582,-0.4250,11.517
9.080989,3.1223,-10.8116,-0.1119,11.254
9.087901,2.9658,-10.5703,0.2258,10.981
9.091732,2.7713,-10.3366,0.5294,10.715
9.096192,2.4332,-10.1153,0.8264,10.437
9.102941,1.9895,-9.9425,1.0872,10.198
9.104760,1.4898,-9.7900,1.3362,9.992
9.110777,0.9624,-9.6655,1.5860,9.842
9.114593,0.3614,-9.5479,1.7531,9.714
9.119002,-0.2584,-9.4523,1.8858,9.642
9.124427,-0.9310,-9.3600,1.9322,9.603
9.128377,-1.6351,-9.2168,1.9455,9.561
9.133319,-2.3449,-9.0812,1.8378,9.557
9.137787,-3.0438,-8.9107,1.7076,9.570
9.142729,-3.6341,-8.8758,1.5998,9.723
9.147440,-4.2018,-8.8239,1.4633,9.882
9.152284,-4.6922,-8.7221,1.3545,9.996
9.156863,-5.1099,-8.5162,1.2246,10.007
9.161818,-5.3952,-8.2136,1.1157,9.890
9.166418,-5.5601,-7.8387,0.9863,9.661
9.172196,-5.6213,-7.4416,0.8234,9.362
9.177530,-5.5690,-7.0316,0.6406,8.993
9.180750,-5.5277,-6.5942,0.4277,8.615
9.185357,-5.4612,-6.1319,0.2245,8.214
9.193691,-5.3694,-5.6902,0.0399,7.824
9.194885,-5.2258,-5.2692,-0.1458,7.423
9.199777,-5.0759,-4.8307,-0.2852,7.013
9.204352,-4.9720,-4.4541,-0.4692,6.692
9.209256,-4.8615,-4.1324,-0.6445,6.413
9.213903,-4.7226,-3.8085,-0.7679,6.115
9.218897,-4.6391,-3.5400,-0.8557,5.898
9.223129,-4.5772,-3.2935,-0.8930,5.709
9.228088,-4.5417,-3.0642,-0.8509,5.544
9.233026,-4.4869,-2.8952,-0.7386,5.391
9.237557,-4.4368,-2.7604,-0.5200,5.251
9.244303,-4.3435,-2.6546,-0.2452,5.096
9.247349,-4.2358,-2.5536,0.1077,4.947
9.252140,-4.1640,-2.4114,0.4745,4.835
9.256838,-4.1211,-2.2351,0.9250,4.779
9.261146,-4.1380,-2.0174,1.3493,4.797
9.265999,-4.2147,-1.7894,1.7860,4.915
9.271862,-4.3225,-1.5632,2.1778,5.086
9.281361,-4.5112,-1.3819,2.5078,5.343
9.281792,-4.7210,-1.1310,2.7663,5.587
9.285047,-4.8752,-0.8941,3.0036,5.796
9.299112,-5.0072,-0.6119,3.1790,5.963
9.299553,-5.1696,-0.3153,3.2949,6.138
9.299707,-5.3381,0.0120,3.3728,6.314
9.304228,-5.5079,0.2814,3.3838,6.470
9.309175,-5.6499,0.5120,3.3781,6.603
9.314085,-5.7331,0.7063,3.3005,6.653
9.317954,-5.8075,0.8904,3.1818,6.682
9.322864,-5.8490,1.0907,2.9980,6.662
9.327433,-5.9032,1.2404,2.8018,6.651
9.332390,-5.9674,1.4040,2.6169,6.666
9.337088,-6.0200,1.5530,2.4408,6.679
9.341682,-6.0347,1.7566,2.2707,6.683
9.346463,-6.0236,1.9340,2.0803,6.660
9.351744,-5.9963,2.1188,1.9008,6.638
9.355886,-5.9985,2.3065,1.7345,6.657
9.360825,-6.0471,2.4615,1.5771,6.717
9.365956,-6.1110,2.6033,1.4143,6.791
9.371500,-6.2311,2.7320,1.2653,6.920
9.376461,-6.4386,2.8813,1.1155,7.142
9.379952,-6.7833,3.0798,1.0032,7.517
9.384774,-7.1598,3.3606,0.9328,7.964
9.389405,-7.5630,3.5825,0.8181,8.408
9.394422,-8.0594,3.8240,0.6690,8.946
9.399110,-8.6652,4.1205,0.5621,9.611
9.403406,-9.2337,4.4639,0.4138,10.264
9.408522,-9.7164,4.8106,0.2790,10.846
9.413039,-10.0553,5.1889,0.1528,11.316
9.417594,-10.3458,5.5506,0.0971,11.741
9.422257,-10.5757,5.8599,0.0241,12.091
9.427127,-10.6854,6.1934,-0.0778,12.351
9.432016,-10.7370,6.5177,-0.1702,12.562
9.436982,-10.7567,6.8472,-0.2339,12.753
9.441243,-10.7758,7.1008,-0.3047,12.909
9.446063,-10.7918,7.2716,-0.3993,13.019
9.451633,-10.7858,7.4270,-0.4221,13.102
9.455671,-10.8080,7.6197,-0.4234,13.231
9.460306,-10.8774,7.8114,-0.4511,13.399
9.465174,-10.9796,8.0691,-0.4073,13.632
9.470938,-11.0520,8.3497,-0.3429,13.856
9.476417,-11.1708,8.6004,-0.2701,14.101
9.479412,-11.2641,8.8117,-0.2585,14.304
9.484441,-11.3508,8.9621,-0.2819,14.465
9.488813,-11.4069,9.1470,-0.3403,14.625
9.493753,-11.4178,9.2614,-0.4457,14.708
9.498226,-11.3833,9.3646,-0.5906,14.752
9.503077,-11.3130,9.4115,-0.8129,14.738
9.507870,-11.2260,9.4210,-1.0260,14.691
9.512592,-11.1201,9.3955,-1.2916,14.615
9.517318,-10.9931,9.3044,-1.5827,14.489
9.521953,-10.8644,9.1476,-1.8749,14.326
9.526612,-10.7297,8.9351,-2.1632,14.129
9.531553,-10.6633,8.6194,-2.4135,13.922
9.536183,-10.5989,8.2537,-2.5998,13.683
9.541833,-10.4845,7.8815,-2.7220,13.396
9.546053,-10.4209,7.6107,-2.7874,13.202
9.552743,-10.4229,7.3865,-2.8174,13.082
9.556027,-10.4643,7.2281,-2.8333,13.030
9.561048,-10.5716,7.1116,-2.8133,13.048
9.564597,-10.7280,6.9966,-2.7358,13.097
9.569684,-11.0001,6.9590,-2.6366,13.281
9.574147,-11.3681,6.9792,-2.5134,13.574
9.579138,-11.8338,7.0329,-2.3951,13.973
9.583703,-12.3342,7.1049,-2.2219,14.407
9.588590,-12.7870,7.2946,-2.0231,14.860
9.593208,-13.1485,7.4936,-1.8418,15.246
9.597809,-13.3486,7.6889,-1.7122,15.500
9.602305,-13.4562,7.8345,-1.6273,15.656
9.607134,-13.4447,7.8890,-1.6255,15.673
9.612210,-13.3163,7.7730,-1.5752,15.499
9.616854,-13.1264,7.4889,-1.5503,15.192
9.621396,-12.8777,7.0558,-1.5030,14.761
9.626339,-12.5182,6.4762,-1.4454,14.168
9.632134,-12.1180,5.8174,-1.3850,13.513
9.636104,-11.6038,5.1468,-1.2457,12.755
9.641031,-10.9385,4.4316,-1.0427,11.848
9.645264,-10.1900,3.8109,-0.7387,10.904
9.651966,-9.4309,3.2996,-0.4009,10.000
9.655604,-8.6622,2.7956,-0.0771,9.102
9.661758,-8.0185,2.2685,0.2474,8.337
9.664373,-7.4170,1.7071,0.5181,7.629
9.669130,-6.9850,1.1147,0.7525,7.113
9.673968,-6.7370,0.4534,0.9368,6.817
9.678936,-6.6017,-0.2354,1.1051,6.698
9.683206,-6.5695,-0.9132,1.3004,6.759
9.687793,-6.7025,-1.4866,1.4990,7.027
9.692812,-6.8356,-1.9535,1.6816,7.305
9.697444,-6.9327,-2.3428,1.8695,7.553
9.702148,-6.9819,-2.7073,2.0288,7.758
9.706818,-6.9617,-2.9804,2.1214,7.864
9.712131,-6.8984,-3.2219,2.1428,7.910
9.716317,-6.8113,-3.4225,2.1217,7.913
9.721235,-6.6406,-3.5894,2.0910,7.833
9.725910,-6.4103,-3.7202,1.9790,7.671
9.731550,-6.1540,-3.7722,1.7667,7.431
9.735237,-5.8454,-3.7743,1.5616,7.131
9.740418,-5.5230,-3.8100,1.3423,6.843
9.744784,-5.2322,-3.8889,1.1204,6.615
9.750843,-4.9732,-4.0226,0.8674,6.455
9.754387,-4.7531,-4.1990,0.6452,6.375
9.759318,-4.5888,-4.4656,0.5369,6.425
9.764300,-4.4371,-4.6620,0.4724,6.453
9.768566,-4.2644,-4.8768,0.3840,6.490
9.773322,-4.0351,-5.1314,0.3953,6.540
9.778552,-3.8400,-5.3753,0.4393,6.621
9.782832,-3.6409,-5.6371,0.5231,6.731
9.787535,-3.4164,-5.8711,0.6611,6.825
9.794633,-3.1810,-6.1417,0.8535,6.969
9.797231,-2.9802,-6.3841,1.0715,7.126
9.801758,-2.7542,-6.6482,1.3462,7.321
9.806649,-2.4960,-6.9168,1.6324,7.532
9.811470,-2.2677,-7.1396,1.8992,7.728
9.815920,-2.0838,-7.3430,2.1258,7.923
9.820966,-1.8868,-7.5413,2.3126,8.110
9.825468,-1.6386,-7.7842,2.4843,8.334
9.831617,-1.3417,-8.0714,2.6605,8.604
9.834732,-1.0654,-8.3046,2.8104,8.832
9.839921,-0.8025,-8.4906,2.9678,9.030
9.844836,-0.5361,-8.6744,3.1404,9.241
9.849575,-0.3330,-8.8675,3.3022,9.468
9.854343,-0.1453,-9.0028,3.4392,9.638
9.858542,0.0487,-9.1612,3.5592,9.828
9.863342,0.2133,-9.2923,3.6292,9.978
9.868531,0.3176,-9.3482,3.6569,10.043
9.873603,0.4167,-9.3648,3.6809,10.071
9.879751,0.4822,-9.3898,3.6250,10.077
9.882479,0.5404,-9.4427,3.5091,10.088
9.887076,0.5532,-9.5259,3.3165,10.102
9.894309,0.5183,-9.5991,3.0713,10.092
9.896713,0.5051,-9.6794,2.8093,10.091
9.901245,0.5065,-9.7623,2.5132,10.093
9.905970,0.5103,-9.8075,2.2638,10.078
9.911822,0.5502,-9.8392,1.9914,10.054
9.915674,0.6214,-9.8980,1.7624,10.073
9.920364,0.7717,-9.9647,1.5715,10.117
9.925324,0.9533,-10.0392,1.3845,10.179
9.931007,1.1736,-10.0973,1.2246,10.239
9.934856,1.4184,-10.1769,1.0550,10.329
9.939649,1.6881,-10.2824,0.9134,10.460
9.943842,1.9255,-10.3750,0.7395,10.578
9.948936,2.1860,-10.5308,0.5189,10.768
9.954474,2.4701,-10.7012,0.2920,10.986
9.958979,2.7325,-10.8956,0.0703,11.233
9.963315,2.9713,-11.0063,-0.1200,11.401
9.967635,3.2225,-11.0668,-0.3174,11.531
9.972376,3.5175,-11.1390,-0.4764,11.691
9.978157,3.8230,-11.1916,-0.6350,11.844
9.981847,4.1584,-11.2579,-0.7689,12.026
9.986781,4.4499,-11.3135,-0.8754,12.189
9.991826,4.7695,-11.3394,-0.9950,12.342
9.996248,5.0744,-11.3520,-1.0822,12.482
10.000701,5.3386,-11.3274,-1.1062,12.571
10.005740,5.5145,-11.2680,-1.1410,12.597
10.011501,5.6931,-11.2193,-1.1220,12.631
10.015028,5.7932,-11.1744,-1.0965,12.635
10.019723,5.9129,-11.1023,-1.0570,12.623
10.024535,5.9708,-11.0175,-0.9274,12.566
10.029231,5.9624,-10.9037,-0.7651,12.451
10.034260,5.9161,-10.8425,-0.5729,12.365
10.039069,5.8774,-10.8244,-0.3721,12.323
10.043533,5.8367,-10.7541,-0.2153,12.238
10.048352,5.8179,-10.7701,-0.0783,12.241
10.053718,5.7301,-10.8366,-0.0421,12.258
10.058308,5.6690,-10.9222,-0.1088,12.306
10.062586,5.6134,-11.1582,-0.2949,12.494
10.067631,5.6232,-11.5222,-0.5001,12.831
10.072284,5.6151,-11.9015,-0.7581,13.181
10.080765,5.5393,-12.2571,-1.0190,13.489
10.081512,5.4890,-12.5364,-1.2999,13.747
10.086952,5.4669,-12.6770,-1.5772,13.895
10.091488,5.3821,-12.7029,-1.8180,13.915
10.095623,5.2200,-12.6122,-2.0725,13.806
10.100613,5.0235,-12.4722,-2.3075,13.642
10.105206,4.8806,-12.2883,-2.4609,13.449
10.111578,4.8004,-12.0538,-2.5596,13.225
10.114895,4.7850,-11.8359,-2.6014,13.029
10.119745,4.8079,-11.6417,-2.5434,12.850
10.124000,4.8571,-11.3946,-2.3358,12.605
10.128929,4.8582,-11.1325,-2.0412,12.317
10.134013,4.8543,-10.8912,-1.6881,12.043
10.138991,4.7855,-10.6368,-1.2308,11.728
10.144496,4.6586,-10.3671,-0.7859,11.393
10.147956,4.5068,-10.1918,-0.3575,11.149
10.152964,4.2965,-9.9866,0.1002,10.872
10.157226,4.0153,-9.8709,0.5165,10.669
10.162522,3.6509,-9.8545,0.9207,10.549
10.167438,3.2558,-9.8728,1.2781,10.474
10.171505,2.8557,-9.9043,1.5825,10.429
10.178968,2.4479,-9.9327,1.8201,10.391
10.181123,2.0538,-9.9746,2.0084,10.380
10.185825,1.6417,-10.0661,2.1865,10.431
10.191833,1.1255,-10.1094,2.2788,10.424
10.195408,0.6578,-10.2601,2.3150,10.539
10.199899,0.2360,-10.3795,2.3795,10.651
10.204829,-0.2767,-10.4181,2.3986,10.694
10.210969,-0.7609,-10.3335,2.3723,10.630
10.214335,-1.2146,-10.1885,2.3701,10.531
10.219368,-1.5470,-10.0001,2.4393,10.409
10.223613,-1.9379,-9.7020,2.3833,10.177
10.229027,-2.2846,-9.4047,2.2761,9.942
10.233778,-2.5586,-9.0867,2.1841,9.689
10.238288,-2.7719,-8.7651,2.0226,9.413
10.245380,-2.9247,-8.4327,1.8097,9.107
10.247734,-3.0409,-8.1183,1.5966,8.815
10.252216,-3.1398,-7.7505,1.3795,8.475
10.257458,-3.2570,-7.4180,1.2051,8.191
10.261811,-3.3544,-7.0423,1.0319,7.868
10.266299,-3.4605,-6.6692,0.8497,7.561
10.271847,-3.5251,-6.3250,0.6868,7.273
10.277151,-3.6389,-5.9622,0.6025,7.011
10.280840,-3.7349,-5.6290,0.5294,6.776
10.285580,-3.8464,-5.2803,0.5029,6.552
10.291348,-3.9159,-4.9785,0.5108,6.355
10.294871,-4.0102,-4.7020,0.5239,6.202
10.299738,-4.0910,-4.5033,0.5593,6.110
10.304266,-4.2085,-4.3154,0.6340,6.061
10.309075,-4.3915,-4.0547,0.7511,6.024
10.314003,-4.5657,-3.7620,0.9154,5.986
10.318631,-4.6856,-3.4282,1.0893,5.907
10.323159,-4.8373,-3.0966,1.2685,5.882
10.328124,-5.0400,-2.7432,1.4152,5.910
10.332979,-5.2313,-2.3538,1.4848,5.926
10.337468,-5.3563,-1.9646,1.5538,5.913
10.342294,-5.4626,-1.5639,1.6057,5.905
10.346962,-5.6027,-1.2307,1.6454,5.968
10.352024,-5.7503,-0.8933,1.6664,6.053
10.356521,-5.8765,-0.6283,1.6549,6.137
10.361278,-6.1057,-0.3997,1.6399,6.335
10.365865,-6.3707,-0.1790,1.5997,6.571
10.371936,-6.6831,0.0576,1.5652,6.864
10.375936,-6.9637,0.2908,1.5356,7.137
10.384931,-7.2145,0.6160,1.5292,7.400
10.385692,-7.3779,0.9423,1.4521,7.578
10.391433,-7.5638,1.2146,1.3187,7.773
10.394477,-7.7719,1.4974,1.1383,7.996
10.399420,-8.0235,1.7214,0.9159,8.257
10.403913,-8.2444,1.8581,0.6729,8.478
10.408731,-8.5131,2.0819,0.3855,8.772
10.414035,-8.7196,2.2949,0.1465,9.018
10.418205,-8.8925,2.4730,-0.0608,9.230
10.422885,-9.1153,2.7146,-0.3130,9.516
10.428225,-9.2949,3.0053,-0.5093,9.782
10.432819,-9.4335,3.3022,-0.7311,10.022
10.437258,-9.6077,3.6460,-0.8617,10.312
10.442012,-9.7958,3.9601,-1.0990,10.623
10.448316,-10.0074,4.2686,-1.3297,10.961
10.452121,-10.2828,4.6643,-1.5150,11.392
10.456348,-10.6191,5.0607,-1.7234,11.889
10.462817,-10.9367,5.4358,-1.8972,12.360
10.465683,-11.2472,5.8132,-2.0148,12.820
10.471712,-11.5379,6.1831,-2.1168,13.260
10.475263,-11.8515,6.4927,-2.0957,13.675
10.480502,-12.0536,6.8113,-2.0762,14.000
10.485289,-12.1585,7.0600,-2.0387,14.207
10.489448,-12.2233,7.3965,-1.9141,14.415
10.495351,-12.3125,7.7350,-1.7908,14.650
10.498843,-12.3471,8.0516,-1.6740,14.835
10.503727,-12.3150,8.3298,-1.5454,14.948
10.508361,-12.2546,8.5435,-1.4101,15.005
10.513114,-12.1371,8.6932,-1.3022,14.986
10.517866,-12.0346,8.7839,-1.1932,14.947
10.522448,-11.8873,8.8447,-1.1261,14.860
10.527400,-11.7171,8.9259,-1.0436,14.767
10.532245,-11.5192,9.0302,-0.9506,14.668
10.536796,-11.3488,9.1314,-0.8785,14.593
10.541533,-11.1486,9.2344,-0.8655,14.502
10.546548,-10.9474,9.3178,-0.8543,14.401
10.551768,-10.7907,9.4509,-0.8353,14.369
10.555687,-10.7452,9.5573,-0.8444,14.405
10.560506,-10.6889,9.6321,-0.9124,14.417
10.565327,-10.6765,9.7110,-1.0179,14.468
10.571023,-10.5429,9.7748,-1.1297,14.421
10.574781,-10.4531,9.8138,-1.3479,14.401
10.579590,-10.4068,9.8540,-1.5813,14.419
10.584498,-10.3704,9.7567,-1.8481,14.358
10.589254,-10.2131,9.5080,-2.2003,14.126
10.595532,-10.0739,9.1897,-2.5939,13.880
10.598565,-9.9393,8.8164,-2.9469,13.609
10.603402,-9.8601,8.4533,-3.2179,13.380
10.607894,-9.8628,8.0958,-3.4184,13.210
10.612731,-9.8905,7.7824,-3.5693,13.082
10.617534,-10.0104,7.5326,-3.6107,13.038
10.622014,-10.2702,7.3771,-3.3854,13.090
10.626732,-10.7269,7.2227,-3.2643,13.338
10.631894,-11.3058,7.1049,-3.0633,13.700
10.636120,-11.9200,7.0777,-2.8118,14.145
10.641580,-12.5972,7.0807,-2.5223,14.669
10.645857,-13.2790,7.0937,-2.2839,15.227
10.651344,-13.8592,7.0175,-2.0775,15.673
10.655296,-14.3324,6.9971,-1.9081,16.063
10.660932,-14.6810,6.9142,-1.8019,16.327
10.665721,-14.8689,6.7703,-1.6897,16.425
10.672382,-14.8458,6.4858,-1.5738,16.277
10.676373,-14.5883,6.0272,-1.4067,15.847
10.681314,-14.2357,5.5163,-1.1743,15.312
10.684928,-13.7103,4.9057,-0.9365,14.592
10.688621,-13.0753,4.1722,-0.6145,13.739
10.696769,-12.3248,3.5074,-0.1685,12.815
10.698146,-11.6079,2.8402,0.3025,11.954
10.702716,-10.9996,2.1928,0.8314,11.247
10.707316,-10.5317,1.4580,1.3892,10.722
10.712443,-10.0851,0.6915,2.0039,10.306
10.717799,-9.7131,-0.0250,2.6320,10.063
10.721629,-9.3468,-0.7460,3.2129,9.912
10.728864,-8.9795,-1.4734,3.7491,9.842
10.731863,-8.6429,-2.1924,4.2453,9.876
10.736018,-8.3231,-2.8857,4.7544,10.010
10.740778,-7.9610,-3.5931,5.1618,10.146
10.748608,-7.6407,-4.2495,5.5734,10.368
10.751830,-7.3793,-4.8210,5.9632,10.642
10.754919,-7.2078,-5.3429,6.3365,10.984
10.760041,-7.0427,-5.8322,6.7432,11.362
10.764292,-6.9509,-6.2693,7.1613,11.786
10.769329,-6.9297,-6.6639,7.5807,12.243
10.773851,-7.0387,-7.0259,7.9534,12.734
10.778628,-7.1701,-7.2885,8.2026,13.108
10.783327,-7.3357,-7.4883,8.4656,13.474
10.788190,-7.5184,-7.7140,8.6835,13.836
10.792943,-7.5010,-8.0708,8.7317,14.059
10.797558,-7.3055,-8.3931,8.8080,14.191
10.802647,-7.0660,-8.6305,8.7939,14.204
10.807176,-6.8141,-8.8088,8.6744,14.116
10.812126,-6.4307,-8.9250,8.4017,13.842
10.816993,-6.0211,-9.0556,8.1025,13.561
10.821282,-5.6480,-9.1694,7.7128,13.246
10.825974,-5.3328,-9.2883,7.2835,12.952
10.832119,-5.0926,-9.4222,6.9252,12.754
10.835554,-4.8724,-9.5217,6.5327,12.533
10.840497,-4.6200,-9.7038,6.0812,12.349
10.845089,-4.1206,-10.0014,5.7246,12.238
10.851038,-3.6664,-10.1892,5.4284,12.113
10.854413,-3.2267,-10.4104,5.0168,11.998
10.859218,-2.7775,-10.6691,4.6799,11.977
10.863947,-2.2855,-10.9622,4.4002,12.031
10.868935,-1.7722,-11.1649,4.1712,12.050
10.874825,-1.4144,-11.2866,3.9552,12.043
10.880608,-0.9009,-11.6036,3.7018,12.213
10.883322,-0.3771,-11.8065,3.6011,12.349
10.888037,0.0782,-11.8261,3.5429,12.346
10.892584,0.4153,-11.7887,3.4774,12.298
10.897373,0.6446,-11.7708,3.4367,12.279
10.901901,0.7878,-11.7577,3.4184,12.270
10.907216,0.8169,-11.8119,3.3751,12.312
10.911883,0.8042,-11.9097,3.3792,12.406
10.916327,0.6708,-11.9582,3.3317,12.432
10.920899,0.4600,-12.0251,3.2589,12.467
10.925782,0.2769,-12.0609,3.1009,12.456
10.931617,0.1237,-12.0568,2.9241,12.407
10.935092,-0.0549,-11.9991,2.6776,12.294
10.939842,-0.1875,-11.9982,2.3297,12.224
10.945805,-0.2196,-12.0566,1.9306,12.212
10.950412,-0.1606,-12.1377,1.4562,12.226
10.954364,-0.0468,-12.2505,0.9658,12.289
10.959004,0.1675,-12.3676,0.5021,12.379
10.964776,0.3913,-12.4047,0.0221,12.411
10.969023,0.5697,-12.4404,-0.3862,12.459
10.973920,0.7867,-12.4099,-0.8109,12.461
10.980106,1.0183,-12.2464,-1.1586,12.343
10.982748,1.3753,-12.1483,-1.4832,12.316
10.987210,1.6357,-11.9097,-1.7915,12.154
10.992819,1.8361,-11.6139,-2.1188,11.948
10.997280,2.0489,-11.3351,-2.4573,11.778
11.002138,2.2436,-11.0634,-2.7375,11.616
11.006417,2.3466,-10.8204,-3.0117,11.474
11.011397,2.3060,-10.5774,-3.3751,11.340
11.015815,2.1780,-10.2917,-3.6951,11.150
11.020571,1.9798,-9.9571,-3.9973,10.911
11.025227,1.7599,-9.5742,-4.2884,10.637
11.031468,1.6816,-9.2915,-4.5537,10.483
11.035171,1.6398,-9.0108,-4.8340,10.356
11.040866,1.5176,-8.6702,-5.1007,10.173
11.045468,1.5307,-8.3318,-5.3636,10.026
11.049001,1.5597,-8.0145,-5.6015,9.902
11.054109,1.6405,-7.6989,-5.8151,9.787
11.058344,1.6393,-7.4228,-5.9549,9.656
11.066464,1.6758,-7.1477,-6.1507,9.578
11.068110,1.6762,-6.8397,-6.2665,9.427
11.072622,1.6478,-6.4959,-6.3581,9.238
11.082892,1.6601,-6.1252,-6.3548,8.981
11.083499,1.6388,-5.7697,-6.3294,8.720
11.086969,1.4900,-5.4099,-6.2954,8.433
11.091929,1.1794,-5.0600,-6.2059,8.094
11.096484,0.7278,-4.7015,-6.0566,7.702
11.101140,0.3663,-4.4165,-5.8670,7.353
11.105860,0.0988,-4.2411,-5.5871,7.015
11.112070,-0.1056,-4.1393,-5.3364,6.754
11.115409,-0.2684,-4.1183,-5.0523,6.524
11.120015,-0.3635,-4.1352,-4.6777,6.254
11.124570,-0.4058,-4.1879,-4.3080,6.022
11.130646,-0.3885,-4.2297,-3.8639,5.742
11.134172,-0.3594,-4.2758,-3.4042,5.477
11.138866,-0.2847,-4.2126,-2.9925,5.175
11.143927,-0.2828,-4.0006,-2.6441,4.804
11.148501,-0.3334,-3.6867,-2.4290,4.427
11.154068,-0.5019,-3.2743,-2.3146,4.041
11.158576,-0.7496,-2.8002,-2.3004,3.701
11.162980,-0.9637,-2.4319,-2.3598,3.523
11.167366,-1.2459,-2.1364,-2.3427,3.407
11.172842,-1.7842,-1.9923,-2.1512,3.432
11.177519,-1.7208,-1.7591,-2.7270,3.673
11.182520,-1.3980,-1.5982,-3.0234,3.695
11.186545,-1.3581,-1.4686,-3.0753,3.669
11.192578,-2.2637,-1.2400,-2.5689,3.642
11.195868,-3.2028,-1.0637,-2.1173,3.984
11.200585,-3.5593,-0.9557,-2.0079,4.197
11.205384,-2.9886,-0.8397,-2.2912,3.858
11.211444,-2.2445,-0.6943,-2.7340,3.605
11.215060,-2.2818,-0.5449,-2.8494,3.691
11.219842,-3.0200,-0.4349,-2.6338,4.031
11.224275,-3.7873,-0.3555,-2.3764,4.485
11.229173,-4.1768,-0.3208,-2.3351,4.796
11.234188,-4.2788,-0.2709,-2.3417,4.885
11.238513,-4.4139,-0.1775,-2.1427,4.910
11.243239,-4.7287,-0.0395,-1.5226,4.968
11.248319,-4.9722,0.0200,-0.9592,5.064
11.253663,-4.9408,0.0792,-0.6883,4.989
11.258332,-4.1202,0.0667,-0.5253,4.154
11.262974,-2.3641,-0.2297,-0.0513,2.376
11.267212,-0.7302,-0.5695,0.0499,0.927
11.272020,0.3672,-1.0567,0.0083,1.119
11.277959,1.1281,-1.5445,-0.1834,1.921
11.282500,1.0510,-1.5831,-0.5945,1.991
11.287302,0.4577,-1.4914,-0.8023,1.754
11.291401,0.1219,-1.5599,-0.6395,1.690
11.297889,0.2703,-1.6916,-0.3497,1.748
11.300334,0.3514,-1.7914,-0.2168,1.838
11.305290,0.4066,-1.8409,-0.1755,1.893
11.311137,0.3098,-1.9197,-0.0723,1.946
11.314628,0.1164,-1.9979,0.1985,2.011
11.319448,-0.2193,-1.9167,0.4600,1.983
11.324321,-0.4531,-1.7417,0.4978,1.867
11.328659,-0.5469,-1.4239,0.6302,1.650
11.333565,-0.5654,-1.1006,0.7474,1.446
11.338171,-0.5906,-0.8538,1.0432,1.472
11.342894,-0.5934,-0.7057,1.2427,1.547
11.348278,-0.4605,-0.5789,1.1000,1.326
11.352573,-0.2632,-0.5632,0.6364,0.890
11.357151,-0.0164,-0.6546,0.3106,0.725
11.361911,0.1960,-0.7996,-0.0288,0.824
11.366513,0.2684,-0.9418,-0.5113,1.105
11.380332,0.3160,-0.9987,-1.0706,1.498
11.381667,0.3267,-0.9381,-1.6329,1.911
11.382135,0.3646,-0.8285,-2.0457,2.237
11.385837,0.4151,-0.7196,-2.3911,2.531
11.392243,0.3531,-0.5705,-2.5975,2.683
11.396564,0.4573,-0.4098,-2.5677,2.640
11.399827,0.4303,-0.3089,-2.6225,2.676
11.404257,0.3904,-0.3059,-2.5186,2.567
11.409311,0.2837,-0.2859,-2.3021,2.337
11.413980,0.0593,-0.3011,-2.0976,2.120
11.418883,-0.1422,-0.3132,-1.7956,1.828
11.424234,-0.3959,-0.4107,-1.4061,1.517
11.428236,-0.4802,-0.5699,-1.0105,1.256
11.434446,-0.4793,-0.7529,-0.6086,1.080
11.438923,-0.4595,-0.9002,-0.2862,1.050
11.443490,-0.4076,-0.9906,0.0195,1.071
11.449489,-0.2472,-1.1586,-1.0464,1.581
11.452055,-0.2816,-1.2115,-0.6361,1.397
11.457150,-0.4849,-1.0786,0.7528,1.402
11.462261,-0.6402,-1.0032,1.2417,1.720
11.466175,-0.4004,-1.0294,1.8291,2.137
11.471555,-0.0924,-1.0770,2.2575,2.503
11.475743,-0.0159,-1.1035,2.4346,2.673
11.480356,-0.0290,-1.0542,2.4422,2.660
11.485273,0.0533,-0.9769,2.3093,2.508
11.490996,0.2505,-0.9071,1.9930,2.204
11.497746,0.3693,-0.8102,1.5507,1.788
11.499899,0.4051,-0.7237,1.1590,1.425
11.504232,0.3269,-0.6875,0.7792,1.089
11.508931,0.2830,-0.6387,0.4828,0.849
11.515056,0.3424,-0.6387,0.2907,0.781
